test	suite	comparison	rtl_result	spike_status	rtl_exit_status	spike_exit_code	rtl_tohost_exit	rtl_campaign	rtl_log	spike_log	binary	sha256	reference_elf_hash_evidence
chipyard-cpp-hello	chipyard-generic	PASS_AGREE	PASS	PASS	0	0		cpp-retry	cpp-retry/chipyard-cpp-hello/simulation.log	spike/benchmarks/logs/chipyard-cpp-hello.log	bench-build/bin/chipyard-cpp-hello.riscv	a2d23e5af0802c11d20408fe851d5414d65659375f3b95e0a1dc14d33d49d5ef	BUILD_HASH_ONLY
chipyard-hello	chipyard-generic	PASS_AGREE	PASS	PASS	0	0		smoke-run	smoke-run/chipyard-hello/simulation.log	spike/benchmarks/logs/chipyard-hello.log	bench-build/bin/chipyard-hello.riscv	2ccf4810d8538b0efbe76e950b31ddd44595b300d339b57c85c03148b105c6b1	BUILD_HASH_ONLY
chipyard-mt-hello-dual	chipyard-generic	PASS_AGREE	PASS	PASS	0	0		smoke-run	smoke-run/chipyard-mt-hello-dual/simulation.log	spike/benchmarks/logs/chipyard-mt-hello-dual.log	bench-build/bin/chipyard-mt-hello-dual.riscv	9288854cb5377802107a46d7c3813c63c3e2ad6b3bd6695e04260c5eac97e0dd	BUILD_HASH_ONLY
corrected-legacy-ae_matmul-dual	corrected-mt-supplement	PASS_AGREE	PASS	PASS	0	0		corrected-run	corrected-run/corrected-legacy-ae_matmul-dual/simulation.log	spike/corrected/logs/corrected-legacy-ae_matmul-dual.log	bench-build/corrected/bin/corrected-legacy-ae_matmul-dual.riscv	b9532674f6ff59a16200e281ad26ea39c6f3844ede39bc0c01ac616beccc1baf	SPIKE_RUN_HASH
corrected-legacy-vvadd1-dual	corrected-mt-supplement	PASS_AGREE	PASS	PASS	0	0		corrected-run	corrected-run/corrected-legacy-vvadd1-dual/simulation.log	spike/corrected/logs/corrected-legacy-vvadd1-dual.log	bench-build/corrected/bin/corrected-legacy-vvadd1-dual.riscv	f201e95549797a843f04c83c74ccead9e4e29275eb532f18a6059d47bcc085b6	SPIKE_RUN_HASH
corrected-mt-matmul-dual	corrected-mt-supplement	PASS_AGREE	PASS	PASS	0	0		corrected-run	corrected-run/corrected-mt-matmul-dual/simulation.log	spike/corrected/logs/corrected-mt-matmul-dual.log	bench-build/corrected/bin/corrected-mt-matmul-dual.riscv	b2b55ca5d01d40ca8748beafdf45b48e509592c6abeab28444d82e98536998d6	SPIKE_RUN_HASH
dhrystone	benchmark-configured	PASS_AGREE	PASS	PASS	0	0		bench-run	bench-run/dhrystone/simulation.log	spike/benchmarks/logs/dhrystone.log	bench-build/bin/dhrystone.riscv	ce10fbf16240c98157b763cf25813de4b787770fb5e35dc24196e0fa76b4db7a	BUILD_HASH_ONLY
dual-hart-smoke	dual-hart-smoke	PASS_AGREE	PASS	PASS	0	0		smoke-run	smoke-run/dual-hart-smoke/simulation.log	spike/benchmarks/logs/dual-hart-smoke.log	../simulation/bin/dual-hart-smoke.riscv	cd22c8ba909c881612cc04271176090da52694f1ffe94c1fc67d56f2d7df3b16	BUILD_HASH_ONLY
legacy-ad_matmul-dual	legacy-mt	NONPASS_AGREE	WALL_TIMEOUT	NONZERO	0	1		bench-run	bench-run/legacy-ad_matmul-dual/simulation.log	spike/benchmarks/logs/legacy-ad_matmul-dual.log	bench-build/bin/legacy-ad_matmul-dual.riscv	61386d7d860dda41b5cc5e3a514be5a2904991bf57095b9fce6e203f25d03b12	BUILD_HASH_ONLY
legacy-ae_matmul-dual	legacy-mt	PASS_AGREE	PASS	PASS	0	0		bench-run	bench-run/legacy-ae_matmul-dual/simulation.log	spike/benchmarks/logs/legacy-ae_matmul-dual.log	bench-build/bin/legacy-ae_matmul-dual.riscv	0e21016fb334f0fcfda5f60d8bcab5c7bd9a1f7d9e606dadf8e9eeff7fb1baf6	BUILD_HASH_ONLY
legacy-af_matmul-dual	legacy-mt	NONPASS_AGREE	FAIL	NONZERO	255	17	17	bench-run	bench-run/legacy-af_matmul-dual/simulation.log	spike/benchmarks/logs/legacy-af_matmul-dual.log	bench-build/bin/legacy-af_matmul-dual.riscv	774a407c849f91b75d0069b65853ef8cf9d10b8170442ceaf42a0a4157529b16	BUILD_HASH_ONLY
legacy-ag_matmul-dual	legacy-mt	PASS_AGREE	PASS	PASS	0	0		bench-run	bench-run/legacy-ag_matmul-dual/simulation.log	spike/benchmarks/logs/legacy-ag_matmul-dual.log	bench-build/bin/legacy-ag_matmul-dual.riscv	c0b1d90cddab3feb85c1b876ddf4954c9bf96a45895a21d6b843f1ac12980917	BUILD_HASH_ONLY
legacy-ai_matmul-dual	legacy-mt	PASS_AGREE	PASS	PASS	0	0		bench-run	bench-run/legacy-ai_matmul-dual/simulation.log	spike/benchmarks/logs/legacy-ai_matmul-dual.log	bench-build/bin/legacy-ai_matmul-dual.riscv	152979bd279dfd2cac8c98b0d589de09d39f605f8322f100a35b64c59332a1db	BUILD_HASH_ONLY
legacy-ak_matmul-dual	legacy-mt	PASS_AGREE	PASS	PASS	0	0		bench-run	bench-run/legacy-ak_matmul-dual/simulation.log	spike/benchmarks/logs/legacy-ak_matmul-dual.log	bench-build/bin/legacy-ak_matmul-dual.riscv	045731bc0b500def2fca10a5ca174714152e9c343dbc808135591879a474709e	BUILD_HASH_ONLY
legacy-al_matmul-dual	legacy-mt	NONPASS_AGREE	FAIL	NONZERO	255	1	1	bench-run	bench-run/legacy-al_matmul-dual/simulation.log	spike/benchmarks/logs/legacy-al_matmul-dual.log	bench-build/bin/legacy-al_matmul-dual.riscv	3ef67da7a98efaacad0d7a6e5b798dcf84b12d58b6e68cb47c447a4c2884c643	BUILD_HASH_ONLY
legacy-am_matmul-dual	legacy-mt	NONPASS_AGREE	FAIL	NONZERO	255	1	1	bench-run	bench-run/legacy-am_matmul-dual/simulation.log	spike/benchmarks/logs/legacy-am_matmul-dual.log	bench-build/bin/legacy-am_matmul-dual.riscv	8ed52bcdac2f8b8a85fc4d28fc9b6c113bb4bb8f5a53815e6d89dc311ff28362	BUILD_HASH_ONLY
legacy-an_matmul-dual	legacy-mt	PASS_AGREE	PASS	PASS	0	0		bench-run	bench-run/legacy-an_matmul-dual/simulation.log	spike/benchmarks/logs/legacy-an_matmul-dual.log	bench-build/bin/legacy-an_matmul-dual.riscv	6cc4f88f4d10f67d9ec0e028330d5eecf2e9a2d48e9a00506d4292fa6ae4ac2e	BUILD_HASH_ONLY
legacy-ap_matmul-dual	legacy-mt	PASS_AGREE	PASS	PASS	0	0		bench-run	bench-run/legacy-ap_matmul-dual/simulation.log	spike/benchmarks/logs/legacy-ap_matmul-dual.log	bench-build/bin/legacy-ap_matmul-dual.riscv	f48318b75b1f43325faca3554f6b72eb5c9fc45ceed81fac785cb69d8599d76b	BUILD_HASH_ONLY
legacy-aq_matmul-dual	legacy-mt	PASS_AGREE	PASS	PASS	0	0		bench-run	bench-run/legacy-aq_matmul-dual/simulation.log	spike/benchmarks/logs/legacy-aq_matmul-dual.log	bench-build/bin/legacy-aq_matmul-dual.riscv	4472f111cc170457a94b7557e908c243189ef7c689041ff63576756529a8bc1a	BUILD_HASH_ONLY
legacy-ar_matmul-dual	legacy-mt	PASS_AGREE	PASS	PASS	0	0		bench-run	bench-run/legacy-ar_matmul-dual/simulation.log	spike/benchmarks/logs/legacy-ar_matmul-dual.log	bench-build/bin/legacy-ar_matmul-dual.riscv	c94d366a8e9b1bafebbb2985d4bcbc9847862877d0a8b09fa79ba1ee4284401d	BUILD_HASH_ONLY
legacy-at_matmul-dual	legacy-mt	NONPASS_AGREE	FAIL	NONZERO	255	2	2	bench-run	bench-run/legacy-at_matmul-dual/simulation.log	spike/benchmarks/logs/legacy-at_matmul-dual.log	bench-build/bin/legacy-at_matmul-dual.riscv	0695a1ba2670982aac5b9b1c5214cfa526e9c324f57a8e298f742f27048aea9e	BUILD_HASH_ONLY
legacy-av_matmul-dual	legacy-mt	NONPASS_AGREE	FAIL	NONZERO	255	1	1	bench-run	bench-run/legacy-av_matmul-dual/simulation.log	spike/benchmarks/logs/legacy-av_matmul-dual.log	bench-build/bin/legacy-av_matmul-dual.riscv	8aaa3abdd7fca22ccd2eb243e1b58de3eebd73cd618d39a5e915ed0cb734b438	BUILD_HASH_ONLY
legacy-ay_matmul-dual	legacy-mt	NONPASS_AGREE	FAIL	NONZERO	255	1	1	bench-run	bench-run/legacy-ay_matmul-dual/simulation.log	spike/benchmarks/logs/legacy-ay_matmul-dual.log	bench-build/bin/legacy-ay_matmul-dual.riscv	2c9357d4b398a1c030787137ebcbbebf090c64a23ad170aefecc9da115cecf55	BUILD_HASH_ONLY
legacy-az_matmul-dual	legacy-mt	NONPASS_AGREE	FAIL	NONZERO	255	1	1	bench-run	bench-run/legacy-az_matmul-dual/simulation.log	spike/benchmarks/logs/legacy-az_matmul-dual.log	bench-build/bin/legacy-az_matmul-dual.riscv	00609d171a217198b31b6260f3ffa071195d0737ea6c0292432aacac9f9a4340	BUILD_HASH_ONLY
legacy-bb_matmul-dual	legacy-mt	PASS_AGREE	PASS	PASS	0	0		bench-run	bench-run/legacy-bb_matmul-dual/simulation.log	spike/benchmarks/logs/legacy-bb_matmul-dual.log	bench-build/bin/legacy-bb_matmul-dual.riscv	1f197b75fcde48bdaf17ea0b016c636ee3acd906d8d420f688e21870bcc91ff2	BUILD_HASH_ONLY
legacy-bc_matmul-dual	legacy-mt	PASS_AGREE	PASS	PASS	0	0		bench-run	bench-run/legacy-bc_matmul-dual/simulation.log	spike/benchmarks/logs/legacy-bc_matmul-dual.log	bench-build/bin/legacy-bc_matmul-dual.riscv	225f80ab4cfe0a701573bfb4bfca3362d867fb7b5cd38493eabfb491db529c48	BUILD_HASH_ONLY
legacy-bf_matmul-dual	legacy-mt	NONPASS_AGREE	FAIL	NONZERO	255	1	1	bench-run	bench-run/legacy-bf_matmul-dual/simulation.log	spike/benchmarks/logs/legacy-bf_matmul-dual.log	bench-build/bin/legacy-bf_matmul-dual.riscv	9e45e71889f0cd125d13b3501a9e250d02c40bd11534683e77db23c9b680b392	BUILD_HASH_ONLY
legacy-bh_matmul-dual	legacy-mt	PASS_AGREE	PASS	PASS	0	0		bench-run	bench-run/legacy-bh_matmul-dual/simulation.log	spike/benchmarks/logs/legacy-bh_matmul-dual.log	bench-build/bin/legacy-bh_matmul-dual.riscv	5829cf3aad72b78a46fbbde11b7e6652589a31650489d1af577836989b0a82ad	BUILD_HASH_ONLY
legacy-bj_matmul-dual	legacy-mt	PASS_AGREE	PASS	PASS	0	0		bench-run	bench-run/legacy-bj_matmul-dual/simulation.log	spike/benchmarks/logs/legacy-bj_matmul-dual.log	bench-build/bin/legacy-bj_matmul-dual.riscv	25c176a1a9026017855e94480f04edb58f2985059468e86123cb7ea70da0ae0e	BUILD_HASH_ONLY
legacy-bk_matmul-dual	legacy-mt	NONPASS_AGREE	FAIL	NONZERO	255	1	1	bench-run	bench-run/legacy-bk_matmul-dual/simulation.log	spike/benchmarks/logs/legacy-bk_matmul-dual.log	bench-build/bin/legacy-bk_matmul-dual.riscv	9c9541f3bfbd61641268158a322c60bbad6fa661927440c1915e8059f3c60578	BUILD_HASH_ONLY
legacy-bm_matmul-dual	legacy-mt	PASS_AGREE	PASS	PASS	0	0		bench-run	bench-run/legacy-bm_matmul-dual/simulation.log	spike/benchmarks/logs/legacy-bm_matmul-dual.log	bench-build/bin/legacy-bm_matmul-dual.riscv	05201c9e387a58294b2c25e80eeb6143cc337053502bcb9745104759d34e10c8	BUILD_HASH_ONLY
legacy-bo_matmul-dual	legacy-mt	NONPASS_AGREE	FAIL	NONZERO	255	57	1337	bench-run	bench-run/legacy-bo_matmul-dual/simulation.log	spike/benchmarks/logs/legacy-bo_matmul-dual.log	bench-build/bin/legacy-bo_matmul-dual.riscv	3fdafc709d356cdc6da38d0530fc220573e22668563478547d011a29b926444e	BUILD_HASH_ONLY
legacy-br_matmul-dual	legacy-mt	NONPASS_AGREE	FAIL	NONZERO	255	1	1	bench-run	bench-run/legacy-br_matmul-dual/simulation.log	spike/benchmarks/logs/legacy-br_matmul-dual.log	bench-build/bin/legacy-br_matmul-dual.riscv	a9d2165ca7cfe63d1f07c5e038b244f93534137f4555e2518bced8cb20e1b13b	BUILD_HASH_ONLY
legacy-bs_matmul-dual	legacy-mt	PASS_AGREE	PASS	PASS	0	0		bench-run	bench-run/legacy-bs_matmul-dual/simulation.log	spike/benchmarks/logs/legacy-bs_matmul-dual.log	bench-build/bin/legacy-bs_matmul-dual.riscv	dff02cef1b3afa4c4df3d3f40af18699c8e7a701e18b1cc331b6ad10f86c2a0d	BUILD_HASH_ONLY
legacy-ce_matmul-dual	legacy-mt	PASS_AGREE	PASS	PASS	0	0		bench-run	bench-run/legacy-ce_matmul-dual/simulation.log	spike/benchmarks/logs/legacy-ce_matmul-dual.log	bench-build/bin/legacy-ce_matmul-dual.riscv	3bf557abbd3e00b35c9238711c7e9b48d9240463e71ef81ab3ac58274b7218ec	BUILD_HASH_ONLY
legacy-cf_matmul-dual	legacy-mt	NONPASS_AGREE	FAIL	NONZERO	255	1	1	bench-run	bench-run/legacy-cf_matmul-dual/simulation.log	spike/benchmarks/logs/legacy-cf_matmul-dual.log	bench-build/bin/legacy-cf_matmul-dual.riscv	b7feb488ee3fa1a84169304232b4c7f3ead4306706cb29f4f6fcf05baaf5798a	BUILD_HASH_ONLY
legacy-cg_matmul-dual	legacy-mt	PASS_AGREE	PASS	PASS	0	0		bench-run	bench-run/legacy-cg_matmul-dual/simulation.log	spike/benchmarks/logs/legacy-cg_matmul-dual.log	bench-build/bin/legacy-cg_matmul-dual.riscv	c40264d7300ad422ec57a6889068aab96998aa88437d2e1d63a1969e0f94bc99	BUILD_HASH_ONLY
legacy-ci_matmul-dual	legacy-mt	PASS_AGREE	PASS	PASS	0	0		bench-run	bench-run/legacy-ci_matmul-dual/simulation.log	spike/benchmarks/logs/legacy-ci_matmul-dual.log	bench-build/bin/legacy-ci_matmul-dual.riscv	8058f311b0ba9cddf47d7df8026b0fa5d752cf0953b2ebc3214192ae9b471b43	BUILD_HASH_ONLY
legacy-ck_matmul-dual	legacy-mt	PASS_AGREE	PASS	PASS	0	0		bench-run	bench-run/legacy-ck_matmul-dual/simulation.log	spike/benchmarks/logs/legacy-ck_matmul-dual.log	bench-build/bin/legacy-ck_matmul-dual.riscv	1076660a502d6e53a27178dc20300e14c69741141164a5282ded50f2b42bc1e8	BUILD_HASH_ONLY
legacy-cl_matmul-dual	legacy-mt	NONPASS_AGREE	FAIL	NONZERO	255	1	1	bench-run	bench-run/legacy-cl_matmul-dual/simulation.log	spike/benchmarks/logs/legacy-cl_matmul-dual.log	bench-build/bin/legacy-cl_matmul-dual.riscv	a00a7e7e71b9f0265e93326b6dbe3f733ad010acff92b3ac99ad4c1467ee0d03	BUILD_HASH_ONLY
legacy-cm_matmul-dual	legacy-mt	NONPASS_AGREE	FAIL	NONZERO	255	1	1	bench-run	bench-run/legacy-cm_matmul-dual/simulation.log	spike/benchmarks/logs/legacy-cm_matmul-dual.log	bench-build/bin/legacy-cm_matmul-dual.riscv	55905088af8226769132a860db53f43ca786457818eebe554611f3075fe27db2	BUILD_HASH_ONLY
legacy-cs_matmul-dual	legacy-mt	PASS_AGREE	PASS	PASS	0	0		bench-run	bench-run/legacy-cs_matmul-dual/simulation.log	spike/benchmarks/logs/legacy-cs_matmul-dual.log	bench-build/bin/legacy-cs_matmul-dual.riscv	cb5edb75ecc4e57f594e6cdb2d33c669d3d34319ad5913c31c7ad14edafdd324	BUILD_HASH_ONLY
legacy-cv_matmul-dual	legacy-mt	NONPASS_AGREE	FAIL	NONZERO	255	1	1	bench-run	bench-run/legacy-cv_matmul-dual/simulation.log	spike/benchmarks/logs/legacy-cv_matmul-dual.log	bench-build/bin/legacy-cv_matmul-dual.riscv	7b5057aa897e7278ea86b74f9f32289c22d2acb86de108f3380af68e94e76191	BUILD_HASH_ONLY
legacy-cy_matmul-dual	legacy-mt	NONPASS_AGREE	FAIL	NONZERO	255	1	1	bench-run	bench-run/legacy-cy_matmul-dual/simulation.log	spike/benchmarks/logs/legacy-cy_matmul-dual.log	bench-build/bin/legacy-cy_matmul-dual.riscv	3cf2faa1b24a31abbd86cd10eb99e81287b64d2e2453ccce69131feefdf9e4ec	BUILD_HASH_ONLY
legacy-dc_matmul-dual	legacy-mt	PASS_AGREE	PASS	PASS	0	0		bench-run	bench-run/legacy-dc_matmul-dual/simulation.log	spike/benchmarks/logs/legacy-dc_matmul-dual.log	bench-build/bin/legacy-dc_matmul-dual.riscv	38b4e608db2bfc81ade7f55cf5de7b97176faea948b6fcbb438165eb6c12248c	BUILD_HASH_ONLY
legacy-df_matmul-dual	legacy-mt	NONPASS_AGREE	FAIL	NONZERO	255	1	1	bench-run	bench-run/legacy-df_matmul-dual/simulation.log	spike/benchmarks/logs/legacy-df_matmul-dual.log	bench-build/bin/legacy-df_matmul-dual.riscv	346bd7cfa80ec35a3879e7c3baa7827ad29c0e127eb9bf80a1f98b886030ab9d	BUILD_HASH_ONLY
legacy-dm_matmul-dual	legacy-mt	PASS_AGREE	PASS	PASS	0	0		bench-run	bench-run/legacy-dm_matmul-dual/simulation.log	spike/benchmarks/logs/legacy-dm_matmul-dual.log	bench-build/bin/legacy-dm_matmul-dual.riscv	4a4fbb9d37a1b0145b3547d6220f0ef184892b35543c6328dc0f8bb445a6dbb8	BUILD_HASH_ONLY
legacy-do_matmul-dual	legacy-mt	NONPASS_AGREE	FAIL	NONZERO	255	1	1337	bench-run	bench-run/legacy-do_matmul-dual/simulation.log	spike/benchmarks/logs/legacy-do_matmul-dual.log	bench-build/bin/legacy-do_matmul-dual.riscv	98024c1ba69a9ba7f81e175eed2170c3acdfc09145b23c9f103f930056239bd8	BUILD_HASH_ONLY
legacy-dr_matmul-dual	legacy-mt	NONPASS_AGREE	FAIL	NONZERO	255	1	1	bench-run	bench-run/legacy-dr_matmul-dual/simulation.log	spike/benchmarks/logs/legacy-dr_matmul-dual.log	bench-build/bin/legacy-dr_matmul-dual.riscv	fbb8c49005657f97866523968c1ba2f8c7d0de078de4c2bdfb938aab3fc83222	BUILD_HASH_ONLY
legacy-ds_matmul-dual	legacy-mt	PASS_AGREE	PASS	PASS	0	0		bench-run	bench-run/legacy-ds_matmul-dual/simulation.log	spike/benchmarks/logs/legacy-ds_matmul-dual.log	bench-build/bin/legacy-ds_matmul-dual.riscv	523889dc5ed47f949f5e3dcf823c8e6fdc914d887409b24784dcb53663231d17	BUILD_HASH_ONLY
legacy-du_matmul-dual	legacy-mt	NONPASS_AGREE	FAIL	NONZERO	255	1	1	bench-run	bench-run/legacy-du_matmul-dual/simulation.log	spike/benchmarks/logs/legacy-du_matmul-dual.log	bench-build/bin/legacy-du_matmul-dual.riscv	acc4ac314f0bbb436322d9cee741855447ecf9fa4075a75ac7c163eb077c8cf0	BUILD_HASH_ONLY
legacy-dv_matmul-dual	legacy-mt	NONPASS_AGREE	WALL_TIMEOUT	NONZERO	-9	1		bench-run	bench-run/legacy-dv_matmul-dual/simulation.log	spike/benchmarks/logs/legacy-dv_matmul-dual.log	bench-build/bin/legacy-dv_matmul-dual.riscv	c3a399d458c7089c9ebedff7be1b3466bc725c648efa47fe6fbaa8687a8c1ebf	BUILD_HASH_ONLY
legacy-vvadd0-dual	legacy-mt	PASS_AGREE	PASS	PASS	0	0		bench-run	bench-run/legacy-vvadd0-dual/simulation.log	spike/benchmarks/logs/legacy-vvadd0-dual.log	bench-build/bin/legacy-vvadd0-dual.riscv	d911b1e53b2f5b59c7eec05b0864dd04ac7c29fa2f78065c93d855225641ca80	BUILD_HASH_ONLY
legacy-vvadd1-dual	legacy-mt	PASS_AGREE	PASS	PASS	0	0		bench-run	bench-run/legacy-vvadd1-dual/simulation.log	spike/benchmarks/logs/legacy-vvadd1-dual.log	bench-build/bin/legacy-vvadd1-dual.riscv	8df750f73c6039d3e3a85ad2036616fd5c0928b7bc937c084d006b086dab6f29	BUILD_HASH_ONLY
legacy-vvadd2-dual	legacy-mt	PASS_AGREE	PASS	PASS	0	0		bench-run	bench-run/legacy-vvadd2-dual/simulation.log	spike/benchmarks/logs/legacy-vvadd2-dual.log	bench-build/bin/legacy-vvadd2-dual.riscv	5bcdf975179e4194478f24d1bf850135af59367c3856d1d77050a049183ea8a2	BUILD_HASH_ONLY
legacy-vvadd3-dual	legacy-mt	PASS_AGREE	PASS	PASS	0	0		bench-run	bench-run/legacy-vvadd3-dual/simulation.log	spike/benchmarks/logs/legacy-vvadd3-dual.log	bench-build/bin/legacy-vvadd3-dual.riscv	a69f648028b0e3aa17a6aa488f52c2471a8822cf28587c41601704fae179146a	BUILD_HASH_ONLY
legacy-vvadd4-dual	legacy-mt	PASS_AGREE	PASS	PASS	0	0		bench-run	bench-run/legacy-vvadd4-dual/simulation.log	spike/benchmarks/logs/legacy-vvadd4-dual.log	bench-build/bin/legacy-vvadd4-dual.riscv	a5c3bb7f57f914b746fcad820eb252b04969ac2ef9e2db1018bd008d03577c25	BUILD_HASH_ONLY
median	benchmark-configured	PASS_AGREE	PASS	PASS	0	0		bench-run	bench-run/median/simulation.log	spike/benchmarks/logs/median.log	bench-build/bin/median.riscv	11c5bbb4df6f5e2aef3a6ebf2ad3c43c1c2c343fd0debb986b64c9ad9d4158d1	BUILD_HASH_ONLY
memcpy	benchmark-extra	PASS_AGREE	PASS	PASS	0	0		bench-run	bench-run/memcpy/simulation.log	spike/benchmarks/logs/memcpy.log	bench-build/bin/memcpy.riscv	1ce5c68ca892dcd120dd121a97adbba8b2d906d3de0d5c7451ec0e516455e3ec	BUILD_HASH_ONLY
mm	benchmark-configured	PASS_AGREE	PASS	PASS	0	0		bench-run	bench-run/mm/simulation.log	spike/benchmarks/logs/mm.log	bench-build/bin/mm.riscv	43cbeacc9fb07dd76ff860bdc3aa27ce13fed34a8dd295c32abaeb7ae03d6862	BUILD_HASH_ONLY
mt-matmul	benchmark-configured	PASS_AGREE	PASS	PASS	0	0		bench-run	bench-run/mt-matmul/simulation.log	spike/benchmarks/logs/mt-matmul.log	bench-build/bin/mt-matmul.riscv	eb21225c1c3f8ad0dbf01390da9553d4557b0dfd3014bf420182b3a9d17100e1	BUILD_HASH_ONLY
mt-matmul-dual	benchmark-dual	PASS_AGREE	PASS	PASS	0	0		bench-run	bench-run/mt-matmul-dual/simulation.log	spike/benchmarks/logs/mt-matmul-dual.log	bench-build/bin/mt-matmul-dual.riscv	fbaea374ba17b067cbab8986bda6e990a9f279f9609b4ce74e162697d764b3de	BUILD_HASH_ONLY
mt-memcpy	benchmark-extra	PASS_AGREE	PASS	PASS	0	0		bench-run	bench-run/mt-memcpy/simulation.log	spike/benchmarks/logs/mt-memcpy.log	bench-build/bin/mt-memcpy.riscv	068d0a850ec7d94dbc217ca460a7e8e59cce124dacec348f4254dd1895af7b18	BUILD_HASH_ONLY
mt-memcpy-dual	benchmark-dual	PASS_AGREE	PASS	PASS	0	0		bench-run	bench-run/mt-memcpy-dual/simulation.log	spike/benchmarks/logs/mt-memcpy-dual.log	bench-build/bin/mt-memcpy-dual.riscv	ba1dc2b2042131e611ab86c9b6ce09d836d0da4d2bbe9344043b5a54b5df082c	BUILD_HASH_ONLY
mt-vvadd	benchmark-configured	PASS_AGREE	PASS	PASS	0	0		bench-run	bench-run/mt-vvadd/simulation.log	spike/benchmarks/logs/mt-vvadd.log	bench-build/bin/mt-vvadd.riscv	94bae15f23aed97134ae54c6c910293b49ce16f1ea398e2def009a212707ab88	BUILD_HASH_ONLY
mt-vvadd-dual	benchmark-dual	PASS_AGREE	PASS	PASS	0	0		bench-run	bench-run/mt-vvadd-dual/simulation.log	spike/benchmarks/logs/mt-vvadd-dual.log	bench-build/bin/mt-vvadd-dual.riscv	4b0c268afd930e72ae36ee0ec48623e25055b8715096522c642fb9b10ae9f6ad	BUILD_HASH_ONLY
multiply	benchmark-configured	PASS_AGREE	PASS	PASS	0	0		bench-run	bench-run/multiply/simulation.log	spike/benchmarks/logs/multiply.log	bench-build/bin/multiply.riscv	ee3da4b8c8f04f4597ac1c85393c526b338aac1c7b38384bb743a0a5399b8364	BUILD_HASH_ONLY
pmp	benchmark-configured	PASS_AGREE	PASS	PASS	0	0		pmp-retry	pmp-retry/pmp/simulation.log	spike/benchmarks/logs/pmp.log	bench-build/bin/pmp.riscv	ab6b38dbbfa6b66af9a2bbe285c04e2b69f1ece855e1e6d4a20ecda60c944d37	BUILD_HASH_ONLY
qsort	benchmark-configured	PASS_AGREE	PASS	PASS	0	0		bench-run	bench-run/qsort/simulation.log	spike/benchmarks/logs/qsort.log	bench-build/bin/qsort.riscv	7dda6cf07048451ec3bee64715a39bdd2101563fbdbadef5dd0c586332283d6d	BUILD_HASH_ONLY
rsort	benchmark-configured	PASS_AGREE	PASS	PASS	0	0		bench-run	bench-run/rsort/simulation.log	spike/benchmarks/logs/rsort.log	bench-build/bin/rsort.riscv	a4c6f427269c45e813e1e79ce76eca755251a616eecece6587f7858b038e3412	BUILD_HASH_ONLY
rv64mi-p-access	isa	PASS_AGREE	PASS	PASS	0	0		isa-run	isa-run/rv64mi-p-access/simulation.log	spike/logs/rv64mi-p-access.log	isa-build/rv64mi-p-access	87a4ddad9ad5f1683bc51c63901699400324ca0c62a1f201e2f7bdf130669854	BUILD_HASH_ONLY
rv64mi-p-breakpoint	isa	PASS_AGREE	PASS	PASS	0	0		isa-run	isa-run/rv64mi-p-breakpoint/simulation.log	spike/logs/rv64mi-p-breakpoint.log	isa-build/rv64mi-p-breakpoint	06b1e355f136c5e856923f6cf8a5c8f36c29559680b148dc3a0e17b6a3b526c4	BUILD_HASH_ONLY
rv64mi-p-csr	isa	PASS_AGREE	PASS	PASS	0	0		isa-run	isa-run/rv64mi-p-csr/simulation.log	spike/logs/rv64mi-p-csr.log	isa-build/rv64mi-p-csr	b00f174188960e0afaf60940db1fc020d142d90aeb27d642809a7b53f9ad7a44	BUILD_HASH_ONLY
rv64mi-p-illegal	isa	PASS_AGREE	PASS	PASS	0	0		isa-run	isa-run/rv64mi-p-illegal/simulation.log	spike/logs/rv64mi-p-illegal.log	isa-build/rv64mi-p-illegal	fc97e68573e7d1964da51a66f1dc1a0b0e8889371236b11105dec77085f196c1	BUILD_HASH_ONLY
rv64mi-p-ld-misaligned	isa	PASS_AGREE	PASS	PASS	0	0		isa-run	isa-run/rv64mi-p-ld-misaligned/simulation.log	spike/logs/rv64mi-p-ld-misaligned.log	isa-build/rv64mi-p-ld-misaligned	3fa25292a948a45daf02343226b0c160aa28c54167d427c7fa137293aa5d0cc0	BUILD_HASH_ONLY
rv64mi-p-lh-misaligned	isa	PASS_AGREE	PASS	PASS	0	0		isa-run	isa-run/rv64mi-p-lh-misaligned/simulation.log	spike/logs/rv64mi-p-lh-misaligned.log	isa-build/rv64mi-p-lh-misaligned	e1378ffb0bcd1203e934734b57f731f55d15e79bdbb227e57983c44dc6dd7549	BUILD_HASH_ONLY
rv64mi-p-lw-misaligned	isa	PASS_AGREE	PASS	PASS	0	0		isa-run	isa-run/rv64mi-p-lw-misaligned/simulation.log	spike/logs/rv64mi-p-lw-misaligned.log	isa-build/rv64mi-p-lw-misaligned	116567918ff61bdf90511b1108fe8541b5a3125681879c810f61a4de283aa34b	BUILD_HASH_ONLY
rv64mi-p-ma_addr	isa	PASS_AGREE	PASS	PASS	0	0		isa-run	isa-run/rv64mi-p-ma_addr/simulation.log	spike/logs/rv64mi-p-ma_addr.log	isa-build/rv64mi-p-ma_addr	391982b985285d72bb6a99a674e85695d1afaa4a64a45e4e2e40b807bdcf6acf	BUILD_HASH_ONLY
rv64mi-p-ma_fetch	isa	PASS_AGREE	PASS	PASS	0	0		isa-run	isa-run/rv64mi-p-ma_fetch/simulation.log	spike/logs/rv64mi-p-ma_fetch.log	isa-build/rv64mi-p-ma_fetch	ebcb190b6dc6f6595bd1d776a85fe62fff2a175debaee411e61c15e726602637	BUILD_HASH_ONLY
rv64mi-p-mcsr	isa	PASS_AGREE	PASS	PASS	0	0		isa-run	isa-run/rv64mi-p-mcsr/simulation.log	spike/logs/rv64mi-p-mcsr.log	isa-build/rv64mi-p-mcsr	d379ee31fa1d3489a0b881cc0dec8065ac7bc8491fd4c427420c3415a5f7fe57	BUILD_HASH_ONLY
rv64mi-p-sbreak	isa	PASS_AGREE	PASS	PASS	0	0		isa-run	isa-run/rv64mi-p-sbreak/simulation.log	spike/logs/rv64mi-p-sbreak.log	isa-build/rv64mi-p-sbreak	806d8d1e04db0676502672190534885c791221e7c9dc7e49d8d0f02fd0a29a1e	BUILD_HASH_ONLY
rv64mi-p-scall	isa	PASS_AGREE	PASS	PASS	0	0		isa-run	isa-run/rv64mi-p-scall/simulation.log	spike/logs/rv64mi-p-scall.log	isa-build/rv64mi-p-scall	0ab50618bac95bb898a4306070bf39361bc951d5bbaa67ddc92fb12e96f94d34	BUILD_HASH_ONLY
rv64mi-p-sd-misaligned	isa	PASS_AGREE	PASS	PASS	0	0		isa-run	isa-run/rv64mi-p-sd-misaligned/simulation.log	spike/logs/rv64mi-p-sd-misaligned.log	isa-build/rv64mi-p-sd-misaligned	d2680e905fe4c49f9a6cae070067a553001b268ce3b0cfac2926573203e90587	BUILD_HASH_ONLY
rv64mi-p-sh-misaligned	isa	PASS_AGREE	PASS	PASS	0	0		isa-run	isa-run/rv64mi-p-sh-misaligned/simulation.log	spike/logs/rv64mi-p-sh-misaligned.log	isa-build/rv64mi-p-sh-misaligned	16b2a45c1bcfb0f55b1f30f6ea750048c25b3249b2c3721ede65471573135a37	BUILD_HASH_ONLY
rv64mi-p-sw-misaligned	isa	PASS_AGREE	PASS	PASS	0	0		isa-run	isa-run/rv64mi-p-sw-misaligned/simulation.log	spike/logs/rv64mi-p-sw-misaligned.log	isa-build/rv64mi-p-sw-misaligned	9972ecc26d9a3f43425aa6f1d8887b9e909090c9bf831d9aa1d43017b89caa94	BUILD_HASH_ONLY
rv64mi-p-zicntr	isa	PASS_AGREE	PASS	PASS	0	0		isa-run	isa-run/rv64mi-p-zicntr/simulation.log	spike/logs/rv64mi-p-zicntr.log	isa-build/rv64mi-p-zicntr	77fc9d4067912563868dccfdba6f018659e2e5b353ff9e9f645d372014094dd5	BUILD_HASH_ONLY
rv64mzicbo-p-zero	isa	NONPASS_AGREE	FAIL	NONZERO	255	156	668	isa-run	isa-run/rv64mzicbo-p-zero/simulation.log	spike/logs/rv64mzicbo-p-zero.log	isa-build/rv64mzicbo-p-zero	f2bbe8bf54d46ab1668412638918481dfab1c14899faf1a1b3ee9ed0f334b044	BUILD_HASH_ONLY
rv64si-p-csr	isa	PASS_AGREE	PASS	PASS	0	0		isa-run	isa-run/rv64si-p-csr/simulation.log	spike/logs/rv64si-p-csr.log	isa-build/rv64si-p-csr	80947ab0fd6fb02672677c3d6bd4152ee8591e32b553400a2dc3fe09c963b88d	BUILD_HASH_ONLY
rv64si-p-dirty	isa	PASS_AGREE	PASS	PASS	0	0		isa-run	isa-run/rv64si-p-dirty/simulation.log	spike/logs/rv64si-p-dirty.log	isa-build/rv64si-p-dirty	110a19f86583b18b89d7a3bf9a74e5fe53331aec0a1fe60424879d5d90e601bd	BUILD_HASH_ONLY
rv64si-p-icache-alias	isa	PASS_AGREE	PASS	PASS	0	0		isa-run	isa-run/rv64si-p-icache-alias/simulation.log	spike/logs/rv64si-p-icache-alias.log	isa-build/rv64si-p-icache-alias	444ece3d6bd92e4c7c83d169a0d17d5aa00e91e7ed7ae7033fc6c781d4414f5b	BUILD_HASH_ONLY
rv64si-p-ma_fetch	isa	PASS_AGREE	PASS	PASS	0	0		isa-run	isa-run/rv64si-p-ma_fetch/simulation.log	spike/logs/rv64si-p-ma_fetch.log	isa-build/rv64si-p-ma_fetch	ffb5a1bfeb51d6669ab9f7f4e686b265655ef336529f7bfe3a49ed5e3fc4067f	BUILD_HASH_ONLY
rv64si-p-sbreak	isa	PASS_AGREE	PASS	PASS	0	0		isa-run	isa-run/rv64si-p-sbreak/simulation.log	spike/logs/rv64si-p-sbreak.log	isa-build/rv64si-p-sbreak	2bfdcd29a2aa3e479027644145fe3f1f6a3139727ab86e2a6a1262b395602e48	BUILD_HASH_ONLY
rv64si-p-scall	isa	PASS_AGREE	PASS	PASS	0	0		isa-run	isa-run/rv64si-p-scall/simulation.log	spike/logs/rv64si-p-scall.log	isa-build/rv64si-p-scall	dd3f01166ea97600a34686415a9b01db21a5e8b7d6da4f5b3d40fceab9ffbef8	BUILD_HASH_ONLY
rv64si-p-wfi	isa	PASS_AGREE	PASS	PASS	0	0		isa-run	isa-run/rv64si-p-wfi/simulation.log	spike/logs/rv64si-p-wfi.log	isa-build/rv64si-p-wfi	a9d644a9a3d287e06b5203286a2b23ae9d6f7dcfd243b88a82d038fd4d83e746	BUILD_HASH_ONLY
rv64ssvnapot-p-napot	isa	PASS_AGREE	PASS	PASS	0	0		isa-run	isa-run/rv64ssvnapot-p-napot/simulation.log	spike/logs/rv64ssvnapot-p-napot.log	isa-build/rv64ssvnapot-p-napot	bd53072887151f1cf2f05383a0964be2a2a8c671cd6d765fec584a7b6234a834	BUILD_HASH_ONLY
rv64ua-p-amoadd_d	isa	PASS_AGREE	PASS	PASS	0	0		isa-run	isa-run/rv64ua-p-amoadd_d/simulation.log	spike/logs/rv64ua-p-amoadd_d.log	isa-build/rv64ua-p-amoadd_d	be4d34a0dacc10c4e334a2859e94eb3508839080ec8509168f02c1fff5a95391	BUILD_HASH_ONLY
rv64ua-p-amoadd_w	isa	PASS_AGREE	PASS	PASS	0	0		isa-run	isa-run/rv64ua-p-amoadd_w/simulation.log	spike/logs/rv64ua-p-amoadd_w.log	isa-build/rv64ua-p-amoadd_w	3789512ad4afd52830f5c0a54ce5bf3a4b4bcc92642ac6ed3635c2de91a145de	BUILD_HASH_ONLY
rv64ua-p-amoand_d	isa	PASS_AGREE	PASS	PASS	0	0		isa-run	isa-run/rv64ua-p-amoand_d/simulation.log	spike/logs/rv64ua-p-amoand_d.log	isa-build/rv64ua-p-amoand_d	e95c3eb645fd95fe64da7d0652830a5997adf435566e5e8574cd9a655e2a1c5c	BUILD_HASH_ONLY
rv64ua-p-amoand_w	isa	PASS_AGREE	PASS	PASS	0	0		isa-run	isa-run/rv64ua-p-amoand_w/simulation.log	spike/logs/rv64ua-p-amoand_w.log	isa-build/rv64ua-p-amoand_w	122cb79d8e672a940e158dd09c7c0715ac0ba25de94258a8366abc943480199e	BUILD_HASH_ONLY
rv64ua-p-amomax_d	isa	PASS_AGREE	PASS	PASS	0	0		isa-run	isa-run/rv64ua-p-amomax_d/simulation.log	spike/logs/rv64ua-p-amomax_d.log	isa-build/rv64ua-p-amomax_d	3725c1acba7db3f218cfd55a59ada82a19d7e664d96e1f931ef9e1b9c09a2520	BUILD_HASH_ONLY
rv64ua-p-amomax_w	isa	PASS_AGREE	PASS	PASS	0	0		isa-run	isa-run/rv64ua-p-amomax_w/simulation.log	spike/logs/rv64ua-p-amomax_w.log	isa-build/rv64ua-p-amomax_w	e4630c73101518b016b545074d85aa8ff7b31658bf786b04277ccdfd0d1a958e	BUILD_HASH_ONLY
rv64ua-p-amomaxu_d	isa	PASS_AGREE	PASS	PASS	0	0		isa-run	isa-run/rv64ua-p-amomaxu_d/simulation.log	spike/logs/rv64ua-p-amomaxu_d.log	isa-build/rv64ua-p-amomaxu_d	3074eb537eec0514e93d61ef6aef4cde4dc75f4f56b79d8ff3c2afd66420706a	BUILD_HASH_ONLY
rv64ua-p-amomaxu_w	isa	PASS_AGREE	PASS	PASS	0	0		isa-run	isa-run/rv64ua-p-amomaxu_w/simulation.log	spike/logs/rv64ua-p-amomaxu_w.log	isa-build/rv64ua-p-amomaxu_w	2d7c40935965d6607ecd61b6a9243b27ba482cf735d9d47e6ad3515221e53e4f	BUILD_HASH_ONLY
rv64ua-p-amomin_d	isa	PASS_AGREE	PASS	PASS	0	0		isa-run	isa-run/rv64ua-p-amomin_d/simulation.log	spike/logs/rv64ua-p-amomin_d.log	isa-build/rv64ua-p-amomin_d	2500f20e45eaaea7aa8ad0877211effadeaab592b5364f0f72f967c57bf99fef	BUILD_HASH_ONLY
rv64ua-p-amomin_w	isa	PASS_AGREE	PASS	PASS	0	0		isa-run	isa-run/rv64ua-p-amomin_w/simulation.log	spike/logs/rv64ua-p-amomin_w.log	isa-build/rv64ua-p-amomin_w	0ea8eb9694207846f905e355d1fb3f2cab5019a7a38ff381f9d6e8bf88d59b4c	BUILD_HASH_ONLY
rv64ua-p-amominu_d	isa	PASS_AGREE	PASS	PASS	0	0		isa-run	isa-run/rv64ua-p-amominu_d/simulation.log	spike/logs/rv64ua-p-amominu_d.log	isa-build/rv64ua-p-amominu_d	c7524b5bc74558bfd55cbcb6b84ef0bd321334edffba22c87ae56e3217be6ea9	BUILD_HASH_ONLY
rv64ua-p-amominu_w	isa	PASS_AGREE	PASS	PASS	0	0		isa-run	isa-run/rv64ua-p-amominu_w/simulation.log	spike/logs/rv64ua-p-amominu_w.log	isa-build/rv64ua-p-amominu_w	d527b610c8adaf778f1e4a4432aa3e71b19c66125d6a12c1482c0c71d333fbf1	BUILD_HASH_ONLY
rv64ua-p-amoor_d	isa	PASS_AGREE	PASS	PASS	0	0		isa-run	isa-run/rv64ua-p-amoor_d/simulation.log	spike/logs/rv64ua-p-amoor_d.log	isa-build/rv64ua-p-amoor_d	15bbddde8e62ac2dedd0ec923087b5f5959c3445722e6b2a32490402d6311cda	BUILD_HASH_ONLY
rv64ua-p-amoor_w	isa	PASS_AGREE	PASS	PASS	0	0		isa-run	isa-run/rv64ua-p-amoor_w/simulation.log	spike/logs/rv64ua-p-amoor_w.log	isa-build/rv64ua-p-amoor_w	a37f4da8609a2b78eee2d93f29497facd610dda0cd6978049582b57162e5b23d	BUILD_HASH_ONLY
rv64ua-p-amoswap_d	isa	PASS_AGREE	PASS	PASS	0	0		isa-run	isa-run/rv64ua-p-amoswap_d/simulation.log	spike/logs/rv64ua-p-amoswap_d.log	isa-build/rv64ua-p-amoswap_d	9508c36e2d1462fc17154aec7be2f32e07951e13c2020a7791cc80270f8b8086	BUILD_HASH_ONLY
rv64ua-p-amoswap_w	isa	PASS_AGREE	PASS	PASS	0	0		isa-run	isa-run/rv64ua-p-amoswap_w/simulation.log	spike/logs/rv64ua-p-amoswap_w.log	isa-build/rv64ua-p-amoswap_w	13c2b3ce2428a553514222c4793d8fd0df3e7c4962853d0e6568b0e8d90fb2c8	BUILD_HASH_ONLY
rv64ua-p-amoxor_d	isa	PASS_AGREE	PASS	PASS	0	0		isa-run	isa-run/rv64ua-p-amoxor_d/simulation.log	spike/logs/rv64ua-p-amoxor_d.log	isa-build/rv64ua-p-amoxor_d	bf26406aae509a50c470a7953d1d6fc3d6c38bf34104ff4bab25cc8e54e71792	BUILD_HASH_ONLY
rv64ua-p-amoxor_w	isa	PASS_AGREE	PASS	PASS	0	0		isa-run	isa-run/rv64ua-p-amoxor_w/simulation.log	spike/logs/rv64ua-p-amoxor_w.log	isa-build/rv64ua-p-amoxor_w	8b3c275c951d9dab31ddbe5ee9a9cffb58fdfc5435d47dc2d238d75e1ef9f5b5	BUILD_HASH_ONLY
rv64ua-p-lrsc	isa	PASS_AGREE	PASS	PASS	0	0		isa-run	isa-run/rv64ua-p-lrsc/simulation.log	spike/logs/rv64ua-p-lrsc.log	isa-build/rv64ua-p-lrsc	dfd2a97c277001ddd1a2f4890121c459a1b4f8031a0929acd57b8f133ac2b632	BUILD_HASH_ONLY
rv64ua-v-amoadd_d	isa	PASS_AGREE	PASS	PASS	0	0		isa-run	isa-run/rv64ua-v-amoadd_d/simulation.log	spike/logs/rv64ua-v-amoadd_d.log	isa-build/rv64ua-v-amoadd_d	a39da6587c9b82239537d20d575bc440cec3c980e2047c3272a836888a80729d	BUILD_HASH_ONLY
rv64ua-v-amoadd_w	isa	PASS_AGREE	PASS	PASS	0	0		isa-run	isa-run/rv64ua-v-amoadd_w/simulation.log	spike/logs/rv64ua-v-amoadd_w.log	isa-build/rv64ua-v-amoadd_w	a5e76821a6cae963052f6b970d1be2b58201149f792f11af815d94c14f09eb1f	BUILD_HASH_ONLY
rv64ua-v-amoand_d	isa	PASS_AGREE	PASS	PASS	0	0		isa-run	isa-run/rv64ua-v-amoand_d/simulation.log	spike/logs/rv64ua-v-amoand_d.log	isa-build/rv64ua-v-amoand_d	f01ce45c575cba98495b74552df9593cf48f922cd0527c459f0a0d108f97967f	BUILD_HASH_ONLY
rv64ua-v-amoand_w	isa	PASS_AGREE	PASS	PASS	0	0		isa-run	isa-run/rv64ua-v-amoand_w/simulation.log	spike/logs/rv64ua-v-amoand_w.log	isa-build/rv64ua-v-amoand_w	416d034a9a1249a098675e52eda4beb269844aad52599131bb93f7fc985b711c	BUILD_HASH_ONLY
rv64ua-v-amomax_d	isa	PASS_AGREE	PASS	PASS	0	0		isa-run	isa-run/rv64ua-v-amomax_d/simulation.log	spike/logs/rv64ua-v-amomax_d.log	isa-build/rv64ua-v-amomax_d	c76a594d33fbb57ed69b0c9fed3859b38af350670856500460e0746bd19f6d72	BUILD_HASH_ONLY
rv64ua-v-amomax_w	isa	PASS_AGREE	PASS	PASS	0	0		isa-run	isa-run/rv64ua-v-amomax_w/simulation.log	spike/logs/rv64ua-v-amomax_w.log	isa-build/rv64ua-v-amomax_w	0c07b406162be480088c4e4707a32306256cb3d5fd55d4247694964fac288adb	BUILD_HASH_ONLY
rv64ua-v-amomaxu_d	isa	PASS_AGREE	PASS	PASS	0	0		isa-run	isa-run/rv64ua-v-amomaxu_d/simulation.log	spike/logs/rv64ua-v-amomaxu_d.log	isa-build/rv64ua-v-amomaxu_d	4b3e3dd08f5ca1c13c2a71c50992ecab655cdd12fbe8b6709153610eee5a6aa4	BUILD_HASH_ONLY
rv64ua-v-amomaxu_w	isa	PASS_AGREE	PASS	PASS	0	0		isa-run	isa-run/rv64ua-v-amomaxu_w/simulation.log	spike/logs/rv64ua-v-amomaxu_w.log	isa-build/rv64ua-v-amomaxu_w	3bf199d8631a1e114f2b9371628241da232b552cb56b4d3d2ffbc9f8d3a37592	BUILD_HASH_ONLY
rv64ua-v-amomin_d	isa	PASS_AGREE	PASS	PASS	0	0		isa-run	isa-run/rv64ua-v-amomin_d/simulation.log	spike/logs/rv64ua-v-amomin_d.log	isa-build/rv64ua-v-amomin_d	051e9c5a303e06a5a749b2d5c7ffe482d4afd4deabf4cc57f86d7cec61720243	BUILD_HASH_ONLY
rv64ua-v-amomin_w	isa	PASS_AGREE	PASS	PASS	0	0		isa-run	isa-run/rv64ua-v-amomin_w/simulation.log	spike/logs/rv64ua-v-amomin_w.log	isa-build/rv64ua-v-amomin_w	1016c753bd93091552fe8aad4ab813f1bd4f30ecb43e69cb769bcf34f0338829	BUILD_HASH_ONLY
rv64ua-v-amominu_d	isa	PASS_AGREE	PASS	PASS	0	0		isa-run	isa-run/rv64ua-v-amominu_d/simulation.log	spike/logs/rv64ua-v-amominu_d.log	isa-build/rv64ua-v-amominu_d	4e287d9291955d235de7d59132f92ffee3c40bec0dc2c710db0466fcd0a9645f	BUILD_HASH_ONLY
rv64ua-v-amominu_w	isa	PASS_AGREE	PASS	PASS	0	0		isa-run	isa-run/rv64ua-v-amominu_w/simulation.log	spike/logs/rv64ua-v-amominu_w.log	isa-build/rv64ua-v-amominu_w	a2ba5495db46018e4f737dd140b0cded3c037f132348254145080819d4084d6a	BUILD_HASH_ONLY
rv64ua-v-amoor_d	isa	PASS_AGREE	PASS	PASS	0	0		isa-run	isa-run/rv64ua-v-amoor_d/simulation.log	spike/logs/rv64ua-v-amoor_d.log	isa-build/rv64ua-v-amoor_d	9880ed1a3b8ec4a86dc1283944e9f64c06bf1cc06ca12588a087c63928f06cc7	BUILD_HASH_ONLY
rv64ua-v-amoor_w	isa	PASS_AGREE	PASS	PASS	0	0		isa-run	isa-run/rv64ua-v-amoor_w/simulation.log	spike/logs/rv64ua-v-amoor_w.log	isa-build/rv64ua-v-amoor_w	afaece704bca15be2f7cba075ee33c7de2cab0eeb733d0418ef33e29c2641dd2	BUILD_HASH_ONLY
rv64ua-v-amoswap_d	isa	PASS_AGREE	PASS	PASS	0	0		isa-run	isa-run/rv64ua-v-amoswap_d/simulation.log	spike/logs/rv64ua-v-amoswap_d.log	isa-build/rv64ua-v-amoswap_d	37c8dbcf5fc530d00d3f2a824b2a5705f172f828a9db9856c6f7f28523b48188	BUILD_HASH_ONLY
rv64ua-v-amoswap_w	isa	PASS_AGREE	PASS	PASS	0	0		isa-run	isa-run/rv64ua-v-amoswap_w/simulation.log	spike/logs/rv64ua-v-amoswap_w.log	isa-build/rv64ua-v-amoswap_w	111d086d31038975fb7a8531d471f0d5a82c16d4811bf1f100f7f3157646bbc6	BUILD_HASH_ONLY
rv64ua-v-amoxor_d	isa	PASS_AGREE	PASS	PASS	0	0		isa-run	isa-run/rv64ua-v-amoxor_d/simulation.log	spike/logs/rv64ua-v-amoxor_d.log	isa-build/rv64ua-v-amoxor_d	a174fa64c289c34dd224d26a5e2f81181e93bb87eac76afe1cc5a9ceff57c029	BUILD_HASH_ONLY
rv64ua-v-amoxor_w	isa	PASS_AGREE	PASS	PASS	0	0		isa-run	isa-run/rv64ua-v-amoxor_w/simulation.log	spike/logs/rv64ua-v-amoxor_w.log	isa-build/rv64ua-v-amoxor_w	f24c9ad6e6cba639d35d79c9162aba80041926f81d8c33c98f71b3d019a76353	BUILD_HASH_ONLY
rv64ua-v-lrsc	isa	PASS_AGREE	PASS	PASS	0	0		isa-run	isa-run/rv64ua-v-lrsc/simulation.log	spike/logs/rv64ua-v-lrsc.log	isa-build/rv64ua-v-lrsc	6193fffefc5525c0014053b68f7da45f2001d8263f9f331eba9758552aceb6f0	BUILD_HASH_ONLY
rv64uc-p-rvc	isa	PASS_AGREE	PASS	PASS	0	0		isa-run	isa-run/rv64uc-p-rvc/simulation.log	spike/logs/rv64uc-p-rvc.log	isa-build/rv64uc-p-rvc	e3f260dc5622ce97b0d4e09ae5c5cafe598553f085c5bedad3af963fac563437	BUILD_HASH_ONLY
rv64uc-v-rvc	isa	PASS_AGREE	PASS	PASS	0	0		isa-run	isa-run/rv64uc-v-rvc/simulation.log	spike/logs/rv64uc-v-rvc.log	isa-build/rv64uc-v-rvc	d80232e8ca8fe4bd050e963d2de06894e9a868194d103636bf2c3effedd070c9	BUILD_HASH_ONLY
rv64ud-p-fadd	isa	PASS_AGREE	PASS	PASS	0	0		isa-run	isa-run/rv64ud-p-fadd/simulation.log	spike/logs/rv64ud-p-fadd.log	isa-build/rv64ud-p-fadd	33872a76af341ecefdae001a8992e1ceb075e6b5e2dd221119a0000d12b94404	BUILD_HASH_ONLY
rv64ud-p-fclass	isa	PASS_AGREE	PASS	PASS	0	0		isa-run	isa-run/rv64ud-p-fclass/simulation.log	spike/logs/rv64ud-p-fclass.log	isa-build/rv64ud-p-fclass	8d3dff86f8f649dfb1a132b90251136ee9b122d5ee390671b72703164974db54	BUILD_HASH_ONLY
rv64ud-p-fcmp	isa	PASS_AGREE	PASS	PASS	0	0		isa-run	isa-run/rv64ud-p-fcmp/simulation.log	spike/logs/rv64ud-p-fcmp.log	isa-build/rv64ud-p-fcmp	6e48fb2e1d4926b652ef8c94b9702323a3d4dacd6617db21d75813d40e04af71	BUILD_HASH_ONLY
rv64ud-p-fcvt	isa	PASS_AGREE	PASS	PASS	0	0		isa-run	isa-run/rv64ud-p-fcvt/simulation.log	spike/logs/rv64ud-p-fcvt.log	isa-build/rv64ud-p-fcvt	1aa3d0657d4c4169b9106f41c9110b4d4db73a740558724acd14b8b869881120	BUILD_HASH_ONLY
rv64ud-p-fcvt_w	isa	PASS_AGREE	PASS	PASS	0	0		isa-run	isa-run/rv64ud-p-fcvt_w/simulation.log	spike/logs/rv64ud-p-fcvt_w.log	isa-build/rv64ud-p-fcvt_w	d737224b136fdc8d78dc59bd461051b59cb3d6655f0679a2b28a80084a628d35	BUILD_HASH_ONLY
rv64ud-p-fdiv	isa	PASS_AGREE	PASS	PASS	0	0		isa-run	isa-run/rv64ud-p-fdiv/simulation.log	spike/logs/rv64ud-p-fdiv.log	isa-build/rv64ud-p-fdiv	fd43787dec84c073de303e254a308dcc30b33d7e22cef2869ddfa087857699c0	BUILD_HASH_ONLY
rv64ud-p-fmadd	isa	PASS_AGREE	PASS	PASS	0	0		isa-run	isa-run/rv64ud-p-fmadd/simulation.log	spike/logs/rv64ud-p-fmadd.log	isa-build/rv64ud-p-fmadd	f580762ab21f42e35064440c44d28144984834889e331dcd90c1df0cf2c0faa5	BUILD_HASH_ONLY
rv64ud-p-fmin	isa	PASS_AGREE	PASS	PASS	0	0		isa-run	isa-run/rv64ud-p-fmin/simulation.log	spike/logs/rv64ud-p-fmin.log	isa-build/rv64ud-p-fmin	9429759a602e4732b968b2f7f9f0cd0a6fba5f60efd4af870c4bb640084cbd47	BUILD_HASH_ONLY
rv64ud-p-ldst	isa	PASS_AGREE	PASS	PASS	0	0		isa-run	isa-run/rv64ud-p-ldst/simulation.log	spike/logs/rv64ud-p-ldst.log	isa-build/rv64ud-p-ldst	61b6d54f17ee368e7bd3de3d6d6beba9270aa55c5736e6c8ea2ecc5c9eb45633	BUILD_HASH_ONLY
rv64ud-p-move	isa	PASS_AGREE	PASS	PASS	0	0		isa-run	isa-run/rv64ud-p-move/simulation.log	spike/logs/rv64ud-p-move.log	isa-build/rv64ud-p-move	1e6d3de25ddcccf5f20f0321ced9ff224a5c6049beb68e97d7fd3a5b0f19cc97	BUILD_HASH_ONLY
rv64ud-p-recoding	isa	PASS_AGREE	PASS	PASS	0	0		isa-run	isa-run/rv64ud-p-recoding/simulation.log	spike/logs/rv64ud-p-recoding.log	isa-build/rv64ud-p-recoding	2b8bd7d397f6ced3be13a496d6b34268ee73ac18cb3df7af35f4f2b632cb1819	BUILD_HASH_ONLY
rv64ud-p-structural	isa	PASS_AGREE	PASS	PASS	0	0		isa-run	isa-run/rv64ud-p-structural/simulation.log	spike/logs/rv64ud-p-structural.log	isa-build/rv64ud-p-structural	98878a679361f19801fed01758efa6571ed6c7d02a438c08984d068629bcc2dd	BUILD_HASH_ONLY
rv64ud-v-fadd	isa	PASS_AGREE	PASS	PASS	0	0		isa-run	isa-run/rv64ud-v-fadd/simulation.log	spike/logs/rv64ud-v-fadd.log	isa-build/rv64ud-v-fadd	182b3b6f2feca3462397f022de54420454d6460fe2d67c67b081dc8e5d3dc908	BUILD_HASH_ONLY
rv64ud-v-fclass	isa	PASS_AGREE	PASS	PASS	0	0		isa-run	isa-run/rv64ud-v-fclass/simulation.log	spike/logs/rv64ud-v-fclass.log	isa-build/rv64ud-v-fclass	d8c77573664440010b3ab4bcebcd41cb81eb6ca1101424fc7ee9903eefe03f24	BUILD_HASH_ONLY
rv64ud-v-fcmp	isa	PASS_AGREE	PASS	PASS	0	0		isa-run	isa-run/rv64ud-v-fcmp/simulation.log	spike/logs/rv64ud-v-fcmp.log	isa-build/rv64ud-v-fcmp	afad3ca1d41b7b85ab464ce7ef812ee218165503186f2a31576e61f23c0db78b	BUILD_HASH_ONLY
rv64ud-v-fcvt	isa	PASS_AGREE	PASS	PASS	0	0		isa-run	isa-run/rv64ud-v-fcvt/simulation.log	spike/logs/rv64ud-v-fcvt.log	isa-build/rv64ud-v-fcvt	4ae5a6286a12897279d1d540abb84d37e620e748d29ebc8a0631c3677e15128b	BUILD_HASH_ONLY
rv64ud-v-fcvt_w	isa	PASS_AGREE	PASS	PASS	0	0		isa-run	isa-run/rv64ud-v-fcvt_w/simulation.log	spike/logs/rv64ud-v-fcvt_w.log	isa-build/rv64ud-v-fcvt_w	badcbf3e30b8e6399092629c5e3d1fc55b88b7f544cf071579edcdd3b5d80903	BUILD_HASH_ONLY
rv64ud-v-fdiv	isa	PASS_AGREE	PASS	PASS	0	0		isa-run	isa-run/rv64ud-v-fdiv/simulation.log	spike/logs/rv64ud-v-fdiv.log	isa-build/rv64ud-v-fdiv	940bfba614df57c995ff3e39b4e10531ae556419f2785ca5472ea626712b8b81	BUILD_HASH_ONLY
rv64ud-v-fmadd	isa	PASS_AGREE	PASS	PASS	0	0		isa-run	isa-run/rv64ud-v-fmadd/simulation.log	spike/logs/rv64ud-v-fmadd.log	isa-build/rv64ud-v-fmadd	a1dcb0a9eb9cf11fe2d744c3c52a9ed19c8e5b31e54f055dc5cf4ab759cdb111	BUILD_HASH_ONLY
rv64ud-v-fmin	isa	PASS_AGREE	PASS	PASS	0	0		isa-run	isa-run/rv64ud-v-fmin/simulation.log	spike/logs/rv64ud-v-fmin.log	isa-build/rv64ud-v-fmin	a88006bfe5f5cc31dc08ce9a89b986aecc57f13644126da7c34389bdffb3e9f3	BUILD_HASH_ONLY
rv64ud-v-ldst	isa	PASS_AGREE	PASS	PASS	0	0		isa-run	isa-run/rv64ud-v-ldst/simulation.log	spike/logs/rv64ud-v-ldst.log	isa-build/rv64ud-v-ldst	1d8e7ba0e8b0421f1405667f7978e35c6c8121efaa84b0ad6b239599c15bac94	BUILD_HASH_ONLY
rv64ud-v-move	isa	PASS_AGREE	PASS	PASS	0	0		isa-run	isa-run/rv64ud-v-move/simulation.log	spike/logs/rv64ud-v-move.log	isa-build/rv64ud-v-move	bc145612951de7b54f95669f4fbb01259d8910680046d26a7f6c1cd45920b0ac	BUILD_HASH_ONLY
rv64ud-v-recoding	isa	PASS_AGREE	PASS	PASS	0	0		isa-run	isa-run/rv64ud-v-recoding/simulation.log	spike/logs/rv64ud-v-recoding.log	isa-build/rv64ud-v-recoding	373f940fc2612603388f2da93186311a689e484b9d4b8d2d41236e6e374bf62a	BUILD_HASH_ONLY
rv64ud-v-structural	isa	PASS_AGREE	PASS	PASS	0	0		isa-run	isa-run/rv64ud-v-structural/simulation.log	spike/logs/rv64ud-v-structural.log	isa-build/rv64ud-v-structural	81aee6b16ff753069172fb28eac749526d03ef8a673fe69fa81985d84614ed81	BUILD_HASH_ONLY
rv64uf-p-fadd	isa	PASS_AGREE	PASS	PASS	0	0		isa-run	isa-run/rv64uf-p-fadd/simulation.log	spike/logs/rv64uf-p-fadd.log	isa-build/rv64uf-p-fadd	c73b622641ce497515769dd80607f07130a048b071b0efb0852a871a17a8e5ec	BUILD_HASH_ONLY
rv64uf-p-fclass	isa	PASS_AGREE	PASS	PASS	0	0		isa-run	isa-run/rv64uf-p-fclass/simulation.log	spike/logs/rv64uf-p-fclass.log	isa-build/rv64uf-p-fclass	dfeab4d96663c6357658afae30948142df54612cb656c6303a783607c80062c9	BUILD_HASH_ONLY
rv64uf-p-fcmp	isa	PASS_AGREE	PASS	PASS	0	0		isa-run	isa-run/rv64uf-p-fcmp/simulation.log	spike/logs/rv64uf-p-fcmp.log	isa-build/rv64uf-p-fcmp	7d9fb7d5b829eb9a27b87d7f3af965c769f351c4fbd72ffbb4d77c08fe13372f	BUILD_HASH_ONLY
rv64uf-p-fcvt	isa	PASS_AGREE	PASS	PASS	0	0		isa-run	isa-run/rv64uf-p-fcvt/simulation.log	spike/logs/rv64uf-p-fcvt.log	isa-build/rv64uf-p-fcvt	2b69c6397308fc4b063c70c6d819f48e31737ae5134b0d6dc8c2ea33fc2faa4e	BUILD_HASH_ONLY
rv64uf-p-fcvt_w	isa	PASS_AGREE	PASS	PASS	0	0		isa-run	isa-run/rv64uf-p-fcvt_w/simulation.log	spike/logs/rv64uf-p-fcvt_w.log	isa-build/rv64uf-p-fcvt_w	1f12ced958885702bdafcdf3f75fb4d69aafe48575b4dc31dbf7bc58fc108a8d	BUILD_HASH_ONLY
rv64uf-p-fdiv	isa	PASS_AGREE	PASS	PASS	0	0		isa-run	isa-run/rv64uf-p-fdiv/simulation.log	spike/logs/rv64uf-p-fdiv.log	isa-build/rv64uf-p-fdiv	70e95f4a04d0b930ef246fd73418f3857345083b379ab4c66a9fc2f569860ef3	BUILD_HASH_ONLY
rv64uf-p-fmadd	isa	PASS_AGREE	PASS	PASS	0	0		isa-run	isa-run/rv64uf-p-fmadd/simulation.log	spike/logs/rv64uf-p-fmadd.log	isa-build/rv64uf-p-fmadd	3d3faf4fd8470663ef4a4fb5f5307d6205a4d782c06cd69a19736dac0580fda0	BUILD_HASH_ONLY
rv64uf-p-fmin	isa	PASS_AGREE	PASS	PASS	0	0		isa-run	isa-run/rv64uf-p-fmin/simulation.log	spike/logs/rv64uf-p-fmin.log	isa-build/rv64uf-p-fmin	dd65c30b7fa59f3904a062b93f5e421a8517f35f4f409fd2304749539392d984	BUILD_HASH_ONLY
rv64uf-p-ldst	isa	PASS_AGREE	PASS	PASS	0	0		isa-run	isa-run/rv64uf-p-ldst/simulation.log	spike/logs/rv64uf-p-ldst.log	isa-build/rv64uf-p-ldst	1d0281f811e21992a83f4525a8ba8e93f72ce37ca34ef77729bc37c5ca4b0cf6	BUILD_HASH_ONLY
rv64uf-p-move	isa	PASS_AGREE	PASS	PASS	0	0		isa-run	isa-run/rv64uf-p-move/simulation.log	spike/logs/rv64uf-p-move.log	isa-build/rv64uf-p-move	9c7db931bafece0e94a9ecc5be0965aa6bb3d667fde5d2998db6b72740c72969	BUILD_HASH_ONLY
rv64uf-p-recoding	isa	PASS_AGREE	PASS	PASS	0	0		isa-run	isa-run/rv64uf-p-recoding/simulation.log	spike/logs/rv64uf-p-recoding.log	isa-build/rv64uf-p-recoding	cc22f378ab04d4681066fc9728a028399371c0288f4e85a3797909cd9ee4fdaf	BUILD_HASH_ONLY
rv64uf-v-fadd	isa	PASS_AGREE	PASS	PASS	0	0		isa-run	isa-run/rv64uf-v-fadd/simulation.log	spike/logs/rv64uf-v-fadd.log	isa-build/rv64uf-v-fadd	3831e91c957e9ede983f53a7f14581f82e5a4058ce7427e64528084b313158bb	BUILD_HASH_ONLY
rv64uf-v-fclass	isa	PASS_AGREE	PASS	PASS	0	0		isa-run	isa-run/rv64uf-v-fclass/simulation.log	spike/logs/rv64uf-v-fclass.log	isa-build/rv64uf-v-fclass	494fa5a9910610ced2ee338ff924a7533755aea00513cd6a59d054e588c0769d	BUILD_HASH_ONLY
rv64uf-v-fcmp	isa	PASS_AGREE	PASS	PASS	0	0		isa-run	isa-run/rv64uf-v-fcmp/simulation.log	spike/logs/rv64uf-v-fcmp.log	isa-build/rv64uf-v-fcmp	27f408a20f137d2b40586d93a84416f67c1bda4a0c188324f284ce7d4da48b85	BUILD_HASH_ONLY
rv64uf-v-fcvt	isa	PASS_AGREE	PASS	PASS	0	0		isa-run	isa-run/rv64uf-v-fcvt/simulation.log	spike/logs/rv64uf-v-fcvt.log	isa-build/rv64uf-v-fcvt	7fd4daa9e53d159362ebf97ed4fbd33a1cc30a933d6f5d84421037816dc2780a	BUILD_HASH_ONLY
rv64uf-v-fcvt_w	isa	PASS_AGREE	PASS	PASS	0	0		isa-run	isa-run/rv64uf-v-fcvt_w/simulation.log	spike/logs/rv64uf-v-fcvt_w.log	isa-build/rv64uf-v-fcvt_w	ff0302c7112be6258bf85b0fef7c8dd9e557df82e334e63cd4d22eef6075dfa0	BUILD_HASH_ONLY
rv64uf-v-fdiv	isa	PASS_AGREE	PASS	PASS	0	0		isa-run	isa-run/rv64uf-v-fdiv/simulation.log	spike/logs/rv64uf-v-fdiv.log	isa-build/rv64uf-v-fdiv	57d8e413f283c164f9a19c313eb8cb216b547d2412ebdb321b383cd574b18838	BUILD_HASH_ONLY
rv64uf-v-fmadd	isa	PASS_AGREE	PASS	PASS	0	0		isa-run	isa-run/rv64uf-v-fmadd/simulation.log	spike/logs/rv64uf-v-fmadd.log	isa-build/rv64uf-v-fmadd	d1a60a31c0710877cce5a24a389780123324bc3f5e4e8263235ee677a24637a3	BUILD_HASH_ONLY
rv64uf-v-fmin	isa	PASS_AGREE	PASS	PASS	0	0		isa-run	isa-run/rv64uf-v-fmin/simulation.log	spike/logs/rv64uf-v-fmin.log	isa-build/rv64uf-v-fmin	80e05c90a57eedff722cf1f6520f13cfd7ae5bfb7a28555a2caea82890387c9f	BUILD_HASH_ONLY
rv64uf-v-ldst	isa	PASS_AGREE	PASS	PASS	0	0		isa-run	isa-run/rv64uf-v-ldst/simulation.log	spike/logs/rv64uf-v-ldst.log	isa-build/rv64uf-v-ldst	249ba10d88fbb997e0d3c38e54bc82fde8bf22e2e0f64294f6c87ba5d70a3c1f	BUILD_HASH_ONLY
rv64uf-v-move	isa	PASS_AGREE	PASS	PASS	0	0		isa-run	isa-run/rv64uf-v-move/simulation.log	spike/logs/rv64uf-v-move.log	isa-build/rv64uf-v-move	3e21730c64383ee1eebd7ed21564ea1d934b08a0c979631967699210c444e48b	BUILD_HASH_ONLY
rv64uf-v-recoding	isa	PASS_AGREE	PASS	PASS	0	0		isa-run	isa-run/rv64uf-v-recoding/simulation.log	spike/logs/rv64uf-v-recoding.log	isa-build/rv64uf-v-recoding	a0df583c447d6943cf633786720e7cb1476cb18fc30e0f2f994208c2cbfa781d	BUILD_HASH_ONLY
rv64ui-p-add	isa	PASS_AGREE	PASS	PASS	0	0		isa-run	isa-run/rv64ui-p-add/simulation.log	spike/logs/rv64ui-p-add.log	isa-build/rv64ui-p-add	e3017ef503266bd918eb5c576e1c429c6b1fb59dce69029afb80be791b6819fa	BUILD_HASH_ONLY
rv64ui-p-addi	isa	PASS_AGREE	PASS	PASS	0	0		isa-run	isa-run/rv64ui-p-addi/simulation.log	spike/logs/rv64ui-p-addi.log	isa-build/rv64ui-p-addi	23f4ac9fba092d83ff768a48f3d5e73d30442caf0d1d0e8928c287d7ad38d7b0	BUILD_HASH_ONLY
rv64ui-p-addiw	isa	PASS_AGREE	PASS	PASS	0	0		isa-run	isa-run/rv64ui-p-addiw/simulation.log	spike/logs/rv64ui-p-addiw.log	isa-build/rv64ui-p-addiw	ef508f9431f486b0c3b67949bbc85da55dcfca9c9eb6ad64137a25fa2c28b7a4	BUILD_HASH_ONLY
rv64ui-p-addw	isa	PASS_AGREE	PASS	PASS	0	0		isa-run	isa-run/rv64ui-p-addw/simulation.log	spike/logs/rv64ui-p-addw.log	isa-build/rv64ui-p-addw	2eb3ea832bbe1a3ca656010c113cebea9caaa0716f82fbaa5df1112ce76be414	BUILD_HASH_ONLY
rv64ui-p-and	isa	PASS_AGREE	PASS	PASS	0	0		isa-run	isa-run/rv64ui-p-and/simulation.log	spike/logs/rv64ui-p-and.log	isa-build/rv64ui-p-and	75bcf9930603e42d54d5163b41cfaa68d78a8a43c61b2e7be2dc00268d42921c	BUILD_HASH_ONLY
rv64ui-p-andi	isa	PASS_AGREE	PASS	PASS	0	0		isa-run	isa-run/rv64ui-p-andi/simulation.log	spike/logs/rv64ui-p-andi.log	isa-build/rv64ui-p-andi	27be09b623e6a5e1e8917a0ee083c91098cd32cc6a009b9bd7d8512f948873d0	BUILD_HASH_ONLY
rv64ui-p-auipc	isa	PASS_AGREE	PASS	PASS	0	0		isa-run	isa-run/rv64ui-p-auipc/simulation.log	spike/logs/rv64ui-p-auipc.log	isa-build/rv64ui-p-auipc	3bd44742b3db4c61532390043eedb2353c9d63183695aeb4ef3964a196978a94	BUILD_HASH_ONLY
rv64ui-p-beq	isa	PASS_AGREE	PASS	PASS	0	0		isa-run	isa-run/rv64ui-p-beq/simulation.log	spike/logs/rv64ui-p-beq.log	isa-build/rv64ui-p-beq	66763ade4508366fda81c23d59ebb476775066d6dc59894d82a041e21bbfcd6c	BUILD_HASH_ONLY
rv64ui-p-bge	isa	PASS_AGREE	PASS	PASS	0	0		isa-run	isa-run/rv64ui-p-bge/simulation.log	spike/logs/rv64ui-p-bge.log	isa-build/rv64ui-p-bge	e385d4aa8eef24b019585b2cc98ae0f449fa2402f02c0e0ee7a025a200a4a0f8	BUILD_HASH_ONLY
rv64ui-p-bgeu	isa	PASS_AGREE	PASS	PASS	0	0		isa-run	isa-run/rv64ui-p-bgeu/simulation.log	spike/logs/rv64ui-p-bgeu.log	isa-build/rv64ui-p-bgeu	9b74f05913afdaf1a919c3b5f1fd8494ccaab6bb4ae65af3a8e42ce2851b2ec6	BUILD_HASH_ONLY
rv64ui-p-blt	isa	PASS_AGREE	PASS	PASS	0	0		isa-run	isa-run/rv64ui-p-blt/simulation.log	spike/logs/rv64ui-p-blt.log	isa-build/rv64ui-p-blt	1524cf183d4df126411cba3fba44b3bfa56af79f311a1ecf5435e1d4ed42fde7	BUILD_HASH_ONLY
rv64ui-p-bltu	isa	PASS_AGREE	PASS	PASS	0	0		isa-run	isa-run/rv64ui-p-bltu/simulation.log	spike/logs/rv64ui-p-bltu.log	isa-build/rv64ui-p-bltu	023403d488b17358c996447c24e7833bd4fbd97b160e1448702d5a4b04c90edd	BUILD_HASH_ONLY
rv64ui-p-bne	isa	PASS_AGREE	PASS	PASS	0	0		isa-run	isa-run/rv64ui-p-bne/simulation.log	spike/logs/rv64ui-p-bne.log	isa-build/rv64ui-p-bne	74b8769ddff75ace0919ea50ec0128c0933334dcbf6e5e360b6a9d1c1483b203	BUILD_HASH_ONLY
rv64ui-p-fence_i	isa	PASS_AGREE	PASS	PASS	0	0		isa-run	isa-run/rv64ui-p-fence_i/simulation.log	spike/logs/rv64ui-p-fence_i.log	isa-build/rv64ui-p-fence_i	c440b15827eeaea9fca1ce4cdf84d5e1dffced2bc5252117f4ea37e857d889b2	BUILD_HASH_ONLY
rv64ui-p-jal	isa	PASS_AGREE	PASS	PASS	0	0		isa-run	isa-run/rv64ui-p-jal/simulation.log	spike/logs/rv64ui-p-jal.log	isa-build/rv64ui-p-jal	adde6b8f1c88513411a7fc456ad7a960e45afadc4210ba54dd09f90485b81821	BUILD_HASH_ONLY
rv64ui-p-jalr	isa	PASS_AGREE	PASS	PASS	0	0		isa-run	isa-run/rv64ui-p-jalr/simulation.log	spike/logs/rv64ui-p-jalr.log	isa-build/rv64ui-p-jalr	c9c7035ea2467719b8aa134034fe4187878da034e847e3e2bbacdd2621fc76ef	BUILD_HASH_ONLY
rv64ui-p-lb	isa	PASS_AGREE	PASS	PASS	0	0		isa-run	isa-run/rv64ui-p-lb/simulation.log	spike/logs/rv64ui-p-lb.log	isa-build/rv64ui-p-lb	64df5735aa24a70f3d080f380825450478fb01ebc47fd476f4ddf9a514c8112f	BUILD_HASH_ONLY
rv64ui-p-lbu	isa	PASS_AGREE	PASS	PASS	0	0		isa-run	isa-run/rv64ui-p-lbu/simulation.log	spike/logs/rv64ui-p-lbu.log	isa-build/rv64ui-p-lbu	2ecbcf85ce90501780587b57b4e50f89bce9302d55e6d480e0e985f2168d12d5	BUILD_HASH_ONLY
rv64ui-p-ld	isa	PASS_AGREE	PASS	PASS	0	0		isa-run	isa-run/rv64ui-p-ld/simulation.log	spike/logs/rv64ui-p-ld.log	isa-build/rv64ui-p-ld	86fc068ee22d4e5ded694c8004f78e846bb07192b615b506af18bf62f709c83d	BUILD_HASH_ONLY
rv64ui-p-lh	isa	PASS_AGREE	PASS	PASS	0	0		isa-run	isa-run/rv64ui-p-lh/simulation.log	spike/logs/rv64ui-p-lh.log	isa-build/rv64ui-p-lh	95b91507b4370d38ca2f3cbb83e0dd734debaee6eb4e57f9166807e1f83f9e4b	BUILD_HASH_ONLY
rv64ui-p-lhu	isa	PASS_AGREE	PASS	PASS	0	0		isa-run	isa-run/rv64ui-p-lhu/simulation.log	spike/logs/rv64ui-p-lhu.log	isa-build/rv64ui-p-lhu	bacd29a123452f96dafd712c742b5501c1e618a62632d7f683832d83aecc10d7	BUILD_HASH_ONLY
rv64ui-p-lui	isa	PASS_AGREE	PASS	PASS	0	0		isa-run	isa-run/rv64ui-p-lui/simulation.log	spike/logs/rv64ui-p-lui.log	isa-build/rv64ui-p-lui	ba8d3b19f25b91de7ee2fa680dd1b9348237d19441c875322a677d85759896ba	BUILD_HASH_ONLY
rv64ui-p-lw	isa	PASS_AGREE	PASS	PASS	0	0		isa-run	isa-run/rv64ui-p-lw/simulation.log	spike/logs/rv64ui-p-lw.log	isa-build/rv64ui-p-lw	9d5868a925a4e9b8ca790a2e3c7c91d18d41354eacc46b1d99f69e46481b0440	BUILD_HASH_ONLY
rv64ui-p-lwu	isa	PASS_AGREE	PASS	PASS	0	0		isa-run	isa-run/rv64ui-p-lwu/simulation.log	spike/logs/rv64ui-p-lwu.log	isa-build/rv64ui-p-lwu	bfcd0ee8e4eee700f7355e6c178c9190ee2271c38b6413e932f482e2504aac4a	BUILD_HASH_ONLY
rv64ui-p-ma_data	isa	NONPASS_AGREE	FAIL	NONZERO	255	156	668	isa-run	isa-run/rv64ui-p-ma_data/simulation.log	spike/logs/rv64ui-p-ma_data.log	isa-build/rv64ui-p-ma_data	e67002cb27015c3ea40ce6de05f1bb877562884550e182dd36ee9c4a2c747714	BUILD_HASH_ONLY
rv64ui-p-or	isa	PASS_AGREE	PASS	PASS	0	0		isa-run	isa-run/rv64ui-p-or/simulation.log	spike/logs/rv64ui-p-or.log	isa-build/rv64ui-p-or	d1205ebd7a33f116b836b7117f7686d0502a00f69dba7d55dadc21528c53e6b4	BUILD_HASH_ONLY
rv64ui-p-ori	isa	PASS_AGREE	PASS	PASS	0	0		isa-run	isa-run/rv64ui-p-ori/simulation.log	spike/logs/rv64ui-p-ori.log	isa-build/rv64ui-p-ori	944fa256f02e46fdcdc6d98911f3407c598244c78b9008417db33bacb4d60a19	BUILD_HASH_ONLY
rv64ui-p-sb	isa	PASS_AGREE	PASS	PASS	0	0		isa-run	isa-run/rv64ui-p-sb/simulation.log	spike/logs/rv64ui-p-sb.log	isa-build/rv64ui-p-sb	4de0a83b5aeaac484190ceb35c3736d9495f3fe7964e18ae3dfa562c2642cd8d	BUILD_HASH_ONLY
rv64ui-p-sd	isa	PASS_AGREE	PASS	PASS	0	0		isa-run	isa-run/rv64ui-p-sd/simulation.log	spike/logs/rv64ui-p-sd.log	isa-build/rv64ui-p-sd	586bd1efd41727be9ea3ce83c1a5d55864d5903bcb79b953ecad14a4468a8332	BUILD_HASH_ONLY
rv64ui-p-sh	isa	PASS_AGREE	PASS	PASS	0	0		isa-run	isa-run/rv64ui-p-sh/simulation.log	spike/logs/rv64ui-p-sh.log	isa-build/rv64ui-p-sh	c947cadbee496790b10c7b5c51904cc0a217aae598d3e0d63f53280afb6953cb	BUILD_HASH_ONLY
rv64ui-p-simple	isa	PASS_AGREE	PASS	PASS	0	0		isa-run	isa-run/rv64ui-p-simple/simulation.log	spike/logs/rv64ui-p-simple.log	isa-build/rv64ui-p-simple	b03e416a51bf4ad0c8743fafe4409ec56ccb121ba43a485120587876770f1fd2	BUILD_HASH_ONLY
rv64ui-p-sll	isa	PASS_AGREE	PASS	PASS	0	0		isa-run	isa-run/rv64ui-p-sll/simulation.log	spike/logs/rv64ui-p-sll.log	isa-build/rv64ui-p-sll	e1b36bb68848f3d1f9722feb5908c87efb933e5b1f67add32d0308aa095dcae6	BUILD_HASH_ONLY
rv64ui-p-slli	isa	PASS_AGREE	PASS	PASS	0	0		isa-run	isa-run/rv64ui-p-slli/simulation.log	spike/logs/rv64ui-p-slli.log	isa-build/rv64ui-p-slli	034dbe53f3ab880f1a5013e835ea9dd5a7441498635a19e79a0526bebde19c9b	BUILD_HASH_ONLY
rv64ui-p-slliw	isa	PASS_AGREE	PASS	PASS	0	0		isa-run	isa-run/rv64ui-p-slliw/simulation.log	spike/logs/rv64ui-p-slliw.log	isa-build/rv64ui-p-slliw	a9aca2483df27af949371bc4ea1c9685c2ae89fad4265d24ee4b33004db04656	BUILD_HASH_ONLY
rv64ui-p-sllw	isa	PASS_AGREE	PASS	PASS	0	0		isa-run	isa-run/rv64ui-p-sllw/simulation.log	spike/logs/rv64ui-p-sllw.log	isa-build/rv64ui-p-sllw	f42d047fd3bde3a1b1ec1a2cd1ff3326b8381fef92357532b0ab8bc32784390f	BUILD_HASH_ONLY
rv64ui-p-slt	isa	PASS_AGREE	PASS	PASS	0	0		isa-run	isa-run/rv64ui-p-slt/simulation.log	spike/logs/rv64ui-p-slt.log	isa-build/rv64ui-p-slt	9e9985f3ac5704eb234f77eb926dcfd71b661d02af688b29f7eaee254eb4a0ef	BUILD_HASH_ONLY
rv64ui-p-slti	isa	PASS_AGREE	PASS	PASS	0	0		isa-run	isa-run/rv64ui-p-slti/simulation.log	spike/logs/rv64ui-p-slti.log	isa-build/rv64ui-p-slti	f7f4f00a77c52c4d59552252bc1eea6648475a1ba414650c6213062cd2b98e9c	BUILD_HASH_ONLY
rv64ui-p-sltiu	isa	PASS_AGREE	PASS	PASS	0	0		isa-run	isa-run/rv64ui-p-sltiu/simulation.log	spike/logs/rv64ui-p-sltiu.log	isa-build/rv64ui-p-sltiu	ff500adc56c17f09cda36d5ffe62096b1b838a4e8b5c9028b4887183e6060f5a	BUILD_HASH_ONLY
rv64ui-p-sltu	isa	PASS_AGREE	PASS	PASS	0	0		isa-run	isa-run/rv64ui-p-sltu/simulation.log	spike/logs/rv64ui-p-sltu.log	isa-build/rv64ui-p-sltu	8d6e2e03b6c32327840b206ad4d1717f2bbcae713fe7ab768bcaec667c1fdc54	BUILD_HASH_ONLY
rv64ui-p-sra	isa	PASS_AGREE	PASS	PASS	0	0		isa-run	isa-run/rv64ui-p-sra/simulation.log	spike/logs/rv64ui-p-sra.log	isa-build/rv64ui-p-sra	a6a72fadd6af358c7a82f77e0eb93f603f710a4f7590391a5005bdeff65a084f	BUILD_HASH_ONLY
rv64ui-p-srai	isa	PASS_AGREE	PASS	PASS	0	0		isa-run	isa-run/rv64ui-p-srai/simulation.log	spike/logs/rv64ui-p-srai.log	isa-build/rv64ui-p-srai	caed18f6200e31b4c3138278e214bca6d03a00caec91dabd1683e17fd0640200	BUILD_HASH_ONLY
rv64ui-p-sraiw	isa	PASS_AGREE	PASS	PASS	0	0		isa-run	isa-run/rv64ui-p-sraiw/simulation.log	spike/logs/rv64ui-p-sraiw.log	isa-build/rv64ui-p-sraiw	eef62df63ba18bf1239e83c2a5e611df7e5a416f0122ee087eba13774eec7c7f	BUILD_HASH_ONLY
rv64ui-p-sraw	isa	PASS_AGREE	PASS	PASS	0	0		isa-run	isa-run/rv64ui-p-sraw/simulation.log	spike/logs/rv64ui-p-sraw.log	isa-build/rv64ui-p-sraw	a1d515b801dc94e7bb1ddee72848d31e542e4cb3f3ab07620c7edc02c9c3c04e	BUILD_HASH_ONLY
rv64ui-p-srl	isa	PASS_AGREE	PASS	PASS	0	0		isa-run	isa-run/rv64ui-p-srl/simulation.log	spike/logs/rv64ui-p-srl.log	isa-build/rv64ui-p-srl	bcf75b75903ebb9986ffd5179b1cf46560868ff9fca8333e90359dd8f4d25c48	BUILD_HASH_ONLY
rv64ui-p-srli	isa	PASS_AGREE	PASS	PASS	0	0		isa-run	isa-run/rv64ui-p-srli/simulation.log	spike/logs/rv64ui-p-srli.log	isa-build/rv64ui-p-srli	9de74fd27633aaee8fb00a02252a866fac7c76e7daf1b8f50c1970ca78525876	BUILD_HASH_ONLY
rv64ui-p-srliw	isa	PASS_AGREE	PASS	PASS	0	0		isa-run	isa-run/rv64ui-p-srliw/simulation.log	spike/logs/rv64ui-p-srliw.log	isa-build/rv64ui-p-srliw	7bc4850be9b96a4c39dec7ac8d4d69af3da2d8f546f015a37a31894d7f8b2115	BUILD_HASH_ONLY
rv64ui-p-srlw	isa	PASS_AGREE	PASS	PASS	0	0		isa-run	isa-run/rv64ui-p-srlw/simulation.log	spike/logs/rv64ui-p-srlw.log	isa-build/rv64ui-p-srlw	c22100a367269ff55ab7fe25a351ef1a313d8c3a9dd3d2f234e3db471f623d38	BUILD_HASH_ONLY
rv64ui-p-sub	isa	PASS_AGREE	PASS	PASS	0	0		isa-run	isa-run/rv64ui-p-sub/simulation.log	spike/logs/rv64ui-p-sub.log	isa-build/rv64ui-p-sub	ea121e3d6959109770febc739965f9bb7be8947ce73fb3be8201f2a4cccfd1e4	BUILD_HASH_ONLY
rv64ui-p-subw	isa	PASS_AGREE	PASS	PASS	0	0		isa-run	isa-run/rv64ui-p-subw/simulation.log	spike/logs/rv64ui-p-subw.log	isa-build/rv64ui-p-subw	782fc71e66aa64f812e688c711c3240ff31b166536d8e4fada5c8056ebfa69f8	BUILD_HASH_ONLY
rv64ui-p-sw	isa	PASS_AGREE	PASS	PASS	0	0		isa-run	isa-run/rv64ui-p-sw/simulation.log	spike/logs/rv64ui-p-sw.log	isa-build/rv64ui-p-sw	3914cfc8114d43168021819ec89d52f25625f08a862577343ee653772701f470	BUILD_HASH_ONLY
rv64ui-p-xor	isa	PASS_AGREE	PASS	PASS	0	0		isa-run	isa-run/rv64ui-p-xor/simulation.log	spike/logs/rv64ui-p-xor.log	isa-build/rv64ui-p-xor	05e5e9a53b539d71ca7170b57aaec61907760ba77c884a80728c33ba96a1b669	BUILD_HASH_ONLY
rv64ui-p-xori	isa	PASS_AGREE	PASS	PASS	0	0		isa-run	isa-run/rv64ui-p-xori/simulation.log	spike/logs/rv64ui-p-xori.log	isa-build/rv64ui-p-xori	7d454a4404cc576e398153f69256364496e6e9ed8fec4886f7458d532542c409	BUILD_HASH_ONLY
rv64ui-v-add	isa	PASS_AGREE	PASS	PASS	0	0		isa-run	isa-run/rv64ui-v-add/simulation.log	spike/logs/rv64ui-v-add.log	isa-build/rv64ui-v-add	2a6f39bfac3d93575e607cd6376514d840e74a8823e8348660d0c4d9ba8b3f80	BUILD_HASH_ONLY
rv64ui-v-addi	isa	PASS_AGREE	PASS	PASS	0	0		isa-run	isa-run/rv64ui-v-addi/simulation.log	spike/logs/rv64ui-v-addi.log	isa-build/rv64ui-v-addi	7a471bc789c0d3c4a541865f397906e1a92716ced0489296c73c776c3b64f417	BUILD_HASH_ONLY
rv64ui-v-addiw	isa	PASS_AGREE	PASS	PASS	0	0		isa-run	isa-run/rv64ui-v-addiw/simulation.log	spike/logs/rv64ui-v-addiw.log	isa-build/rv64ui-v-addiw	9bc5fe74a7ceeed8cedd07575152bfaca51bb60488dd89e9a86a7b1dcde56975	BUILD_HASH_ONLY
rv64ui-v-addw	isa	PASS_AGREE	PASS	PASS	0	0		isa-run	isa-run/rv64ui-v-addw/simulation.log	spike/logs/rv64ui-v-addw.log	isa-build/rv64ui-v-addw	a2a410b15f1f8e149d7befd6628d16dc38a339a87bb771e0dcd8e047f811cd9e	BUILD_HASH_ONLY
rv64ui-v-and	isa	PASS_AGREE	PASS	PASS	0	0		isa-run	isa-run/rv64ui-v-and/simulation.log	spike/logs/rv64ui-v-and.log	isa-build/rv64ui-v-and	4729bf474789ad326e7f0967f20f73ba001c1e774342f2095afce28a7c3c7968	BUILD_HASH_ONLY
rv64ui-v-andi	isa	PASS_AGREE	PASS	PASS	0	0		isa-run	isa-run/rv64ui-v-andi/simulation.log	spike/logs/rv64ui-v-andi.log	isa-build/rv64ui-v-andi	9e16999fbf772e0b9d6c34f4636691ebd14aea55eed7f8fbb03b9719bb815820	BUILD_HASH_ONLY
rv64ui-v-auipc	isa	PASS_AGREE	PASS	PASS	0	0		isa-run	isa-run/rv64ui-v-auipc/simulation.log	spike/logs/rv64ui-v-auipc.log	isa-build/rv64ui-v-auipc	0cac1605d5209df4e8fdae312315b25e75f45cd5909fe814192f025b37e70322	BUILD_HASH_ONLY
rv64ui-v-beq	isa	PASS_AGREE	PASS	PASS	0	0		isa-run	isa-run/rv64ui-v-beq/simulation.log	spike/logs/rv64ui-v-beq.log	isa-build/rv64ui-v-beq	9b4c8502837ef08578d220c9aafe0b9d753fd1bb39d7b640dcea321923fde605	BUILD_HASH_ONLY
rv64ui-v-bge	isa	PASS_AGREE	PASS	PASS	0	0		isa-run	isa-run/rv64ui-v-bge/simulation.log	spike/logs/rv64ui-v-bge.log	isa-build/rv64ui-v-bge	dff1346c6f9055a0c790cbc3d167dc3509e1d5eb281c0ed3fc7eac515530de5b	BUILD_HASH_ONLY
rv64ui-v-bgeu	isa	PASS_AGREE	PASS	PASS	0	0		isa-run	isa-run/rv64ui-v-bgeu/simulation.log	spike/logs/rv64ui-v-bgeu.log	isa-build/rv64ui-v-bgeu	e3cd569794f920dfe2837898eb8dfe5bd4206730e0c7025bdd0be3f30a24b967	BUILD_HASH_ONLY
rv64ui-v-blt	isa	PASS_AGREE	PASS	PASS	0	0		isa-run	isa-run/rv64ui-v-blt/simulation.log	spike/logs/rv64ui-v-blt.log	isa-build/rv64ui-v-blt	0f0eddc483811e0aeadb2852d96c04be3623e2e76cbc907c4da7080836b232fc	BUILD_HASH_ONLY
rv64ui-v-bltu	isa	PASS_AGREE	PASS	PASS	0	0		isa-run	isa-run/rv64ui-v-bltu/simulation.log	spike/logs/rv64ui-v-bltu.log	isa-build/rv64ui-v-bltu	09dd25b04b64ca389bccc7f0177cccd60ff7ced32190c4a4e4d7abd4a10d747d	BUILD_HASH_ONLY
rv64ui-v-bne	isa	PASS_AGREE	PASS	PASS	0	0		isa-run	isa-run/rv64ui-v-bne/simulation.log	spike/logs/rv64ui-v-bne.log	isa-build/rv64ui-v-bne	ae92a78d8c8df4aff6d9a728aed68e7ca69194ea1faf3efbf873ec445d709467	BUILD_HASH_ONLY
rv64ui-v-fence_i	isa	PASS_AGREE	PASS	PASS	0	0		isa-run	isa-run/rv64ui-v-fence_i/simulation.log	spike/logs/rv64ui-v-fence_i.log	isa-build/rv64ui-v-fence_i	2fbc79010523c6ca81c1d4d026464af18030aeccd3043ff33c121d2cc034e7a2	BUILD_HASH_ONLY
rv64ui-v-jal	isa	PASS_AGREE	PASS	PASS	0	0		isa-run	isa-run/rv64ui-v-jal/simulation.log	spike/logs/rv64ui-v-jal.log	isa-build/rv64ui-v-jal	a5bacc9910806e034d4058c2e0828f2583d7568c733318becf6fdda1d23f29ed	BUILD_HASH_ONLY
rv64ui-v-jalr	isa	PASS_AGREE	PASS	PASS	0	0		isa-run	isa-run/rv64ui-v-jalr/simulation.log	spike/logs/rv64ui-v-jalr.log	isa-build/rv64ui-v-jalr	9537f46ae33a5f1d9ca9058a246403e75979dcda0618130d869d9ad8595df588	BUILD_HASH_ONLY
rv64ui-v-lb	isa	PASS_AGREE	PASS	PASS	0	0		isa-run	isa-run/rv64ui-v-lb/simulation.log	spike/logs/rv64ui-v-lb.log	isa-build/rv64ui-v-lb	e79de2bd9da43ccabf9856aa61852bc2d3e20ac83fd5c645d0f53aa32e115cb6	BUILD_HASH_ONLY
rv64ui-v-lbu	isa	PASS_AGREE	PASS	PASS	0	0		isa-run	isa-run/rv64ui-v-lbu/simulation.log	spike/logs/rv64ui-v-lbu.log	isa-build/rv64ui-v-lbu	ca6ebdabeb5b95897f1d36a4fb0666efc7e61812dc2f623c7bd2e16d79e292e1	BUILD_HASH_ONLY
rv64ui-v-ld	isa	PASS_AGREE	PASS	PASS	0	0		isa-run	isa-run/rv64ui-v-ld/simulation.log	spike/logs/rv64ui-v-ld.log	isa-build/rv64ui-v-ld	9b56da623a00f4ba3d6f80ed702195cb6f4c8dafc021cbf1844128a0ffe4cedd	BUILD_HASH_ONLY
rv64ui-v-lh	isa	PASS_AGREE	PASS	PASS	0	0		isa-run	isa-run/rv64ui-v-lh/simulation.log	spike/logs/rv64ui-v-lh.log	isa-build/rv64ui-v-lh	4e5a89d34d490489f2482cac1240b5941cf0d370ac177e5020fb0d2643ae6929	BUILD_HASH_ONLY
rv64ui-v-lhu	isa	PASS_AGREE	PASS	PASS	0	0		isa-run	isa-run/rv64ui-v-lhu/simulation.log	spike/logs/rv64ui-v-lhu.log	isa-build/rv64ui-v-lhu	1c23c5990bd6d1e114e3da5a4f96c88004d357138dff4c7a93f3bf0aa70bf1ba	BUILD_HASH_ONLY
rv64ui-v-lui	isa	PASS_AGREE	PASS	PASS	0	0		isa-run	isa-run/rv64ui-v-lui/simulation.log	spike/logs/rv64ui-v-lui.log	isa-build/rv64ui-v-lui	e1c9b4affb0a50997e9fc32738d2e2d9c6cb68506b61d279f29dc99a33a883d0	BUILD_HASH_ONLY
rv64ui-v-lw	isa	PASS_AGREE	PASS	PASS	0	0		isa-run	isa-run/rv64ui-v-lw/simulation.log	spike/logs/rv64ui-v-lw.log	isa-build/rv64ui-v-lw	ef435d70aaadd09022a8a0ea2d74fd36cb88f7092ef6b0f7972736f439773420	BUILD_HASH_ONLY
rv64ui-v-lwu	isa	PASS_AGREE	PASS	PASS	0	0		isa-run	isa-run/rv64ui-v-lwu/simulation.log	spike/logs/rv64ui-v-lwu.log	isa-build/rv64ui-v-lwu	75c55dd2751677968de047e2f492bd2d9132a1b62fd60be1e15b5782ab0e8be8	BUILD_HASH_ONLY
rv64ui-v-ma_data	isa	NONPASS_AGREE	WALL_TIMEOUT	TIMEOUT	0	124		isa-run	isa-run/rv64ui-v-ma_data/simulation.log	spike/logs/rv64ui-v-ma_data.log	isa-build/rv64ui-v-ma_data	57fff3a0f3f0cf0604e6f46464d9f0bc25590a1060656da791aac3c1af1e1a3f	BUILD_HASH_ONLY
rv64ui-v-or	isa	PASS_AGREE	PASS	PASS	0	0		isa-run	isa-run/rv64ui-v-or/simulation.log	spike/logs/rv64ui-v-or.log	isa-build/rv64ui-v-or	eee3e355a5337ef9817380e7b24226516c4d7ce5553ed398e57b6f638f513923	BUILD_HASH_ONLY
rv64ui-v-ori	isa	PASS_AGREE	PASS	PASS	0	0		isa-run	isa-run/rv64ui-v-ori/simulation.log	spike/logs/rv64ui-v-ori.log	isa-build/rv64ui-v-ori	dc48b5eaf8789c32d628a9773079ebf45ad10eec16ac8299ac159cb46bf8a325	BUILD_HASH_ONLY
rv64ui-v-sb	isa	PASS_AGREE	PASS	PASS	0	0		isa-run	isa-run/rv64ui-v-sb/simulation.log	spike/logs/rv64ui-v-sb.log	isa-build/rv64ui-v-sb	e5c3763f7e98d29cf3655735e80be00eb11faa125796080647089281dba97969	BUILD_HASH_ONLY
rv64ui-v-sd	isa	PASS_AGREE	PASS	PASS	0	0		isa-run	isa-run/rv64ui-v-sd/simulation.log	spike/logs/rv64ui-v-sd.log	isa-build/rv64ui-v-sd	06c3475d880892c92572a50cb9ce0ef47d13d772fac3099c555a384d2603fd69	BUILD_HASH_ONLY
rv64ui-v-sh	isa	PASS_AGREE	PASS	PASS	0	0		isa-run	isa-run/rv64ui-v-sh/simulation.log	spike/logs/rv64ui-v-sh.log	isa-build/rv64ui-v-sh	bfea6fd7ac6deaf7323c0a655322de7f804609e65028cab895fa96e82a2dd51f	BUILD_HASH_ONLY
rv64ui-v-simple	isa	PASS_AGREE	PASS	PASS	0	0		isa-run	isa-run/rv64ui-v-simple/simulation.log	spike/logs/rv64ui-v-simple.log	isa-build/rv64ui-v-simple	680b48496ce80f60901feabc36bab17d810c3cf42d6847fcbf0cc7b8560978c3	BUILD_HASH_ONLY
rv64ui-v-sll	isa	PASS_AGREE	PASS	PASS	0	0		isa-run	isa-run/rv64ui-v-sll/simulation.log	spike/logs/rv64ui-v-sll.log	isa-build/rv64ui-v-sll	2b3d9af8c2592be554f3d275a434080109ea0fde80c27d7741c2910dc2ba3517	BUILD_HASH_ONLY
rv64ui-v-slli	isa	PASS_AGREE	PASS	PASS	0	0		isa-run	isa-run/rv64ui-v-slli/simulation.log	spike/logs/rv64ui-v-slli.log	isa-build/rv64ui-v-slli	3820d1445ebdb0ecc7361456ce44bf0bea308b00bdf86c65b50a0a857848f32b	BUILD_HASH_ONLY
rv64ui-v-slliw	isa	PASS_AGREE	PASS	PASS	0	0		isa-run	isa-run/rv64ui-v-slliw/simulation.log	spike/logs/rv64ui-v-slliw.log	isa-build/rv64ui-v-slliw	c7507d4285d837fbb0b904891f1ef166772c8864ab69b01b63da1b62aeb01f4b	BUILD_HASH_ONLY
rv64ui-v-sllw	isa	PASS_AGREE	PASS	PASS	0	0		isa-run	isa-run/rv64ui-v-sllw/simulation.log	spike/logs/rv64ui-v-sllw.log	isa-build/rv64ui-v-sllw	be7833a4655f88586db8d783bc726e9de5f185af3e9062b4b0a4ebc9da97e50a	BUILD_HASH_ONLY
rv64ui-v-slt	isa	PASS_AGREE	PASS	PASS	0	0		isa-run	isa-run/rv64ui-v-slt/simulation.log	spike/logs/rv64ui-v-slt.log	isa-build/rv64ui-v-slt	e48eed87016943b08dfa84dc0faaed8eb22a32139630c3e0a9f638c84eaa432f	BUILD_HASH_ONLY
rv64ui-v-slti	isa	PASS_AGREE	PASS	PASS	0	0		isa-run	isa-run/rv64ui-v-slti/simulation.log	spike/logs/rv64ui-v-slti.log	isa-build/rv64ui-v-slti	179a8a83af350f115606214c5fa76216ae70735f16f9c44212d9285f86eb88f7	BUILD_HASH_ONLY
rv64ui-v-sltiu	isa	PASS_AGREE	PASS	PASS	0	0		isa-run	isa-run/rv64ui-v-sltiu/simulation.log	spike/logs/rv64ui-v-sltiu.log	isa-build/rv64ui-v-sltiu	f0fb3832bf6c8872dc94f996af28d1c49455e2bff43781c8a0f7c851c404b072	BUILD_HASH_ONLY
rv64ui-v-sltu	isa	PASS_AGREE	PASS	PASS	0	0		isa-run	isa-run/rv64ui-v-sltu/simulation.log	spike/logs/rv64ui-v-sltu.log	isa-build/rv64ui-v-sltu	0dfece5e0c72d13fd3aa7413d6ca26110deff8753693a892a52ce7d98fd0d941	BUILD_HASH_ONLY
rv64ui-v-sra	isa	PASS_AGREE	PASS	PASS	0	0		isa-run	isa-run/rv64ui-v-sra/simulation.log	spike/logs/rv64ui-v-sra.log	isa-build/rv64ui-v-sra	458f160106baa2fb309d69968566f7010f54c725768b1412c2d25bce58f7fad8	BUILD_HASH_ONLY
rv64ui-v-srai	isa	PASS_AGREE	PASS	PASS	0	0		isa-run	isa-run/rv64ui-v-srai/simulation.log	spike/logs/rv64ui-v-srai.log	isa-build/rv64ui-v-srai	3fb1d35cd8da3b7a4548391749c608ee08201be2cf03a9b039e332deac3f8220	BUILD_HASH_ONLY
rv64ui-v-sraiw	isa	PASS_AGREE	PASS	PASS	0	0		isa-run	isa-run/rv64ui-v-sraiw/simulation.log	spike/logs/rv64ui-v-sraiw.log	isa-build/rv64ui-v-sraiw	2b39e184e8984aaf3616521e1d56a8d2abfb4feb1eadefde34a14923b1961e79	BUILD_HASH_ONLY
rv64ui-v-sraw	isa	PASS_AGREE	PASS	PASS	0	0		isa-run	isa-run/rv64ui-v-sraw/simulation.log	spike/logs/rv64ui-v-sraw.log	isa-build/rv64ui-v-sraw	678394fc536871b79b025047b32cb9ef6f7c178f66a5cbd66edaf5f2e28b2aaf	BUILD_HASH_ONLY
rv64ui-v-srl	isa	PASS_AGREE	PASS	PASS	0	0		isa-run	isa-run/rv64ui-v-srl/simulation.log	spike/logs/rv64ui-v-srl.log	isa-build/rv64ui-v-srl	48b1121d11a991ff7d478687c9f1323745651d37b8e5287e7931cc9e108d27c3	BUILD_HASH_ONLY
rv64ui-v-srli	isa	PASS_AGREE	PASS	PASS	0	0		isa-run	isa-run/rv64ui-v-srli/simulation.log	spike/logs/rv64ui-v-srli.log	isa-build/rv64ui-v-srli	2da8c2d7b23acb102d5217f11e7cfd93a9c6b9904dac75c92ef35b222a0ade24	BUILD_HASH_ONLY
rv64ui-v-srliw	isa	PASS_AGREE	PASS	PASS	0	0		isa-run	isa-run/rv64ui-v-srliw/simulation.log	spike/logs/rv64ui-v-srliw.log	isa-build/rv64ui-v-srliw	d88597349ba1764e817150f39f5e623fe09da82b4a546790a78590d0c167ecd6	BUILD_HASH_ONLY
rv64ui-v-srlw	isa	PASS_AGREE	PASS	PASS	0	0		isa-run	isa-run/rv64ui-v-srlw/simulation.log	spike/logs/rv64ui-v-srlw.log	isa-build/rv64ui-v-srlw	1ecf42526efd161b8c8b1cca11f32db0ba2f3f170ad6958dc6b8476ff8e54fe2	BUILD_HASH_ONLY
rv64ui-v-sub	isa	PASS_AGREE	PASS	PASS	0	0		isa-run	isa-run/rv64ui-v-sub/simulation.log	spike/logs/rv64ui-v-sub.log	isa-build/rv64ui-v-sub	bdd018002e5ceea5fa1d70f80296505ecc6b2b2e047f76391f0942d930806903	BUILD_HASH_ONLY
rv64ui-v-subw	isa	PASS_AGREE	PASS	PASS	0	0		isa-run	isa-run/rv64ui-v-subw/simulation.log	spike/logs/rv64ui-v-subw.log	isa-build/rv64ui-v-subw	f0b414549f30d6bdcec6203a174fafadaaab998ebdd666da54afe83d1aee9278	BUILD_HASH_ONLY
rv64ui-v-sw	isa	PASS_AGREE	PASS	PASS	0	0		isa-run	isa-run/rv64ui-v-sw/simulation.log	spike/logs/rv64ui-v-sw.log	isa-build/rv64ui-v-sw	ab74f934d74802a5d5e62beff34cda852111e18c10b423ccc486476b99d33989	BUILD_HASH_ONLY
rv64ui-v-xor	isa	PASS_AGREE	PASS	PASS	0	0		isa-run	isa-run/rv64ui-v-xor/simulation.log	spike/logs/rv64ui-v-xor.log	isa-build/rv64ui-v-xor	638344802e3f4f93640242a7aeed4f773f1f39d8a23c8cbff83439c5cc963655	BUILD_HASH_ONLY
rv64ui-v-xori	isa	PASS_AGREE	PASS	PASS	0	0		isa-run	isa-run/rv64ui-v-xori/simulation.log	spike/logs/rv64ui-v-xori.log	isa-build/rv64ui-v-xori	b8d16d61e7c357fd7f168366172cb75affbee52cb46f66701510a36b4bc40772	BUILD_HASH_ONLY
rv64um-p-div	isa	PASS_AGREE	PASS	PASS	0	0		isa-run	isa-run/rv64um-p-div/simulation.log	spike/logs/rv64um-p-div.log	isa-build/rv64um-p-div	77cd90404131846115b7d711880a2e8f341777f5488df52dcfa862f77d7ac09b	BUILD_HASH_ONLY
rv64um-p-divu	isa	PASS_AGREE	PASS	PASS	0	0		isa-run	isa-run/rv64um-p-divu/simulation.log	spike/logs/rv64um-p-divu.log	isa-build/rv64um-p-divu	c7e68ee25fc679ff697bf0c7f5a7c0505bb82f2d54480cc39a9c3fa926e8af69	BUILD_HASH_ONLY
rv64um-p-divuw	isa	PASS_AGREE	PASS	PASS	0	0		isa-run	isa-run/rv64um-p-divuw/simulation.log	spike/logs/rv64um-p-divuw.log	isa-build/rv64um-p-divuw	94a39c4bdb956161e18804615f68ae0906d1e5917bd9cc772e80a6a9cdf2cfaf	BUILD_HASH_ONLY
rv64um-p-divw	isa	PASS_AGREE	PASS	PASS	0	0		isa-run	isa-run/rv64um-p-divw/simulation.log	spike/logs/rv64um-p-divw.log	isa-build/rv64um-p-divw	0cadd9b2096a44e71a79b287502f440975ad40a0bcfe6a5e711469c7776d6cdd	BUILD_HASH_ONLY
rv64um-p-mul	isa	PASS_AGREE	PASS	PASS	0	0		isa-run	isa-run/rv64um-p-mul/simulation.log	spike/logs/rv64um-p-mul.log	isa-build/rv64um-p-mul	9ac7e0846fed5090fe326018baa0e5a58e35ff981d42ef86cea3fd19dc51a3fa	BUILD_HASH_ONLY
rv64um-p-mulh	isa	PASS_AGREE	PASS	PASS	0	0		isa-run	isa-run/rv64um-p-mulh/simulation.log	spike/logs/rv64um-p-mulh.log	isa-build/rv64um-p-mulh	158ca25c64941ea4723b6835e2953ad9cea8bb97ded2a75e1ec4cc1668052bbd	BUILD_HASH_ONLY
rv64um-p-mulhsu	isa	PASS_AGREE	PASS	PASS	0	0		isa-run	isa-run/rv64um-p-mulhsu/simulation.log	spike/logs/rv64um-p-mulhsu.log	isa-build/rv64um-p-mulhsu	35c4dcaa6906489696c3e9dec334495abaef054a543900c1f7eae7d638f9d8c0	BUILD_HASH_ONLY
rv64um-p-mulhu	isa	PASS_AGREE	PASS	PASS	0	0		isa-run	isa-run/rv64um-p-mulhu/simulation.log	spike/logs/rv64um-p-mulhu.log	isa-build/rv64um-p-mulhu	4fdf13741fffca5c9c2a9b22359e928de6a9a12d5018b9b1a330e63d84f04016	BUILD_HASH_ONLY
rv64um-p-mulw	isa	PASS_AGREE	PASS	PASS	0	0		isa-run	isa-run/rv64um-p-mulw/simulation.log	spike/logs/rv64um-p-mulw.log	isa-build/rv64um-p-mulw	9a38ec3205c7c6882ebe09ed894079e4f2e36936970e32f9806f260f3cbd041a	BUILD_HASH_ONLY
rv64um-p-rem	isa	PASS_AGREE	PASS	PASS	0	0		isa-run	isa-run/rv64um-p-rem/simulation.log	spike/logs/rv64um-p-rem.log	isa-build/rv64um-p-rem	1ed5a0890d5b2eb9675c7698ddc18beb4606bd05502e4dacafd82c8c9cf43b8e	BUILD_HASH_ONLY
rv64um-p-remu	isa	PASS_AGREE	PASS	PASS	0	0		isa-run	isa-run/rv64um-p-remu/simulation.log	spike/logs/rv64um-p-remu.log	isa-build/rv64um-p-remu	c62a3d5e3f15fc70ab88c2263a046ffd77558deb1fa6cd94dbf2eadfadac68ea	BUILD_HASH_ONLY
rv64um-p-remuw	isa	PASS_AGREE	PASS	PASS	0	0		isa-run	isa-run/rv64um-p-remuw/simulation.log	spike/logs/rv64um-p-remuw.log	isa-build/rv64um-p-remuw	33f05a2c3e7e9a57d70498ccb90c1cb2a3943c9ecc8e73c3c9268fa1a7806c6c	BUILD_HASH_ONLY
rv64um-p-remw	isa	PASS_AGREE	PASS	PASS	0	0		isa-run	isa-run/rv64um-p-remw/simulation.log	spike/logs/rv64um-p-remw.log	isa-build/rv64um-p-remw	43c10b8959fc574c7dc481e76f99169485c0bad1cda43fd7a169041dd6a53402	BUILD_HASH_ONLY
rv64um-v-div	isa	PASS_AGREE	PASS	PASS	0	0		isa-run	isa-run/rv64um-v-div/simulation.log	spike/logs/rv64um-v-div.log	isa-build/rv64um-v-div	54b8a79ac41034f83a01f26d86953f9f3a81d906a89c694bf06202cea951401f	BUILD_HASH_ONLY
rv64um-v-divu	isa	PASS_AGREE	PASS	PASS	0	0		isa-run	isa-run/rv64um-v-divu/simulation.log	spike/logs/rv64um-v-divu.log	isa-build/rv64um-v-divu	e2a8df244a24a1bf286500924e9bbd0d5d04c367c7fdabf342b82ab02d2197a8	BUILD_HASH_ONLY
rv64um-v-divuw	isa	PASS_AGREE	PASS	PASS	0	0		isa-run	isa-run/rv64um-v-divuw/simulation.log	spike/logs/rv64um-v-divuw.log	isa-build/rv64um-v-divuw	abdb4c460b730d3f6b45c68cc3e9b6ca0f666175901eb200cb29ddd43e47d2a2	BUILD_HASH_ONLY
rv64um-v-divw	isa	PASS_AGREE	PASS	PASS	0	0		isa-run	isa-run/rv64um-v-divw/simulation.log	spike/logs/rv64um-v-divw.log	isa-build/rv64um-v-divw	d8c875817bf0f2167db9840a63aa7a615be3125b561c1262162831ed5455cf84	BUILD_HASH_ONLY
rv64um-v-mul	isa	PASS_AGREE	PASS	PASS	0	0		isa-run	isa-run/rv64um-v-mul/simulation.log	spike/logs/rv64um-v-mul.log	isa-build/rv64um-v-mul	6249d05496875698c47cc4cac61fe9377a6f780b6f21f88a05f7ef64825d4776	BUILD_HASH_ONLY
rv64um-v-mulh	isa	PASS_AGREE	PASS	PASS	0	0		isa-run	isa-run/rv64um-v-mulh/simulation.log	spike/logs/rv64um-v-mulh.log	isa-build/rv64um-v-mulh	45cfa4cfb39aed4c9049ede9fc9a4a7564a0fe01209f86ffd4a797fe8d358f2f	BUILD_HASH_ONLY
rv64um-v-mulhsu	isa	PASS_AGREE	PASS	PASS	0	0		isa-run	isa-run/rv64um-v-mulhsu/simulation.log	spike/logs/rv64um-v-mulhsu.log	isa-build/rv64um-v-mulhsu	dcf2865f76302243e28931cdeaedf9cb419c696bed175ce40c2a73c5ea4f5d33	BUILD_HASH_ONLY
rv64um-v-mulhu	isa	PASS_AGREE	PASS	PASS	0	0		isa-run	isa-run/rv64um-v-mulhu/simulation.log	spike/logs/rv64um-v-mulhu.log	isa-build/rv64um-v-mulhu	defa1136246f14a9bede1e3ff499958a66274922610644fcfa1bf42c546e55ab	BUILD_HASH_ONLY
rv64um-v-mulw	isa	PASS_AGREE	PASS	PASS	0	0		isa-run	isa-run/rv64um-v-mulw/simulation.log	spike/logs/rv64um-v-mulw.log	isa-build/rv64um-v-mulw	b3333bcb7c7f9e78ecde71300ea854f96119b6989b1230530fbba42fbbf1c325	BUILD_HASH_ONLY
rv64um-v-rem	isa	PASS_AGREE	PASS	PASS	0	0		isa-run	isa-run/rv64um-v-rem/simulation.log	spike/logs/rv64um-v-rem.log	isa-build/rv64um-v-rem	314a27d84c26bece94689243c3c3e19838f8b0acb3bd73fa52006c843e1ae3ab	BUILD_HASH_ONLY
rv64um-v-remu	isa	PASS_AGREE	PASS	PASS	0	0		isa-run	isa-run/rv64um-v-remu/simulation.log	spike/logs/rv64um-v-remu.log	isa-build/rv64um-v-remu	3216ac00d9815bdbdf2098e0d86376840560d21271573a3aeefdf175fc75ec12	BUILD_HASH_ONLY
rv64um-v-remuw	isa	PASS_AGREE	PASS	PASS	0	0		isa-run	isa-run/rv64um-v-remuw/simulation.log	spike/logs/rv64um-v-remuw.log	isa-build/rv64um-v-remuw	369d3c76b4c02abe81d9a044ae75a6dd07522af151729c83e9da3d93dc683eb0	BUILD_HASH_ONLY
rv64um-v-remw	isa	PASS_AGREE	PASS	PASS	0	0		isa-run	isa-run/rv64um-v-remw/simulation.log	spike/logs/rv64um-v-remw.log	isa-build/rv64um-v-remw	fe67d0e1954a0d716c0aa71e7cd274e013dce661932ca33f51a094c5914cf206	BUILD_HASH_ONLY
rv64uzba-p-add_uw	isa	PASS_AGREE	PASS	PASS	0	0		isa-run	isa-run/rv64uzba-p-add_uw/simulation.log	spike/logs/rv64uzba-p-add_uw.log	isa-build/rv64uzba-p-add_uw	0fc06a5d5e0f39bf859a9cb55cd8ca38eaaa19127b80870fb5a575d4d14c62a0	BUILD_HASH_ONLY
rv64uzba-p-sh1add	isa	PASS_AGREE	PASS	PASS	0	0		isa-run	isa-run/rv64uzba-p-sh1add/simulation.log	spike/logs/rv64uzba-p-sh1add.log	isa-build/rv64uzba-p-sh1add	61a5d0a9f68ca80cf0f30c968c1a38cd06ca3e298dd2ba66a37fcea7a4348144	BUILD_HASH_ONLY
rv64uzba-p-sh1add_uw	isa	PASS_AGREE	PASS	PASS	0	0		isa-run	isa-run/rv64uzba-p-sh1add_uw/simulation.log	spike/logs/rv64uzba-p-sh1add_uw.log	isa-build/rv64uzba-p-sh1add_uw	5e7e66752aa0825fed9d887eef0e23d6231765f07967bb8ad88ba1bd590a036c	BUILD_HASH_ONLY
rv64uzba-p-sh2add	isa	PASS_AGREE	PASS	PASS	0	0		isa-run	isa-run/rv64uzba-p-sh2add/simulation.log	spike/logs/rv64uzba-p-sh2add.log	isa-build/rv64uzba-p-sh2add	f35f49afdd44b5964f39c2067294d399bc883d690e5194c747ef7d1755f101ca	BUILD_HASH_ONLY
rv64uzba-p-sh2add_uw	isa	PASS_AGREE	PASS	PASS	0	0		isa-run	isa-run/rv64uzba-p-sh2add_uw/simulation.log	spike/logs/rv64uzba-p-sh2add_uw.log	isa-build/rv64uzba-p-sh2add_uw	3bf3213f5c6d2706cea67623bca4cba8e1b3cf9f128c608a5ee7a7075b548d72	BUILD_HASH_ONLY
rv64uzba-p-sh3add	isa	PASS_AGREE	PASS	PASS	0	0		isa-run	isa-run/rv64uzba-p-sh3add/simulation.log	spike/logs/rv64uzba-p-sh3add.log	isa-build/rv64uzba-p-sh3add	ad1f2ebc3f16f35d468f44f6804e19852d68fc2c83b8009195ef1f29381596b0	BUILD_HASH_ONLY
rv64uzba-p-sh3add_uw	isa	PASS_AGREE	PASS	PASS	0	0		isa-run	isa-run/rv64uzba-p-sh3add_uw/simulation.log	spike/logs/rv64uzba-p-sh3add_uw.log	isa-build/rv64uzba-p-sh3add_uw	f308fc599a581427d572b825353c7a09d82e8d06334851a49d774590e149b576	BUILD_HASH_ONLY
rv64uzba-p-slli_uw	isa	PASS_AGREE	PASS	PASS	0	0		isa-run	isa-run/rv64uzba-p-slli_uw/simulation.log	spike/logs/rv64uzba-p-slli_uw.log	isa-build/rv64uzba-p-slli_uw	4ee0f5695fcf0758f45d2079184ef74290a1b2ef7ace001677da0f0525e6dc2b	BUILD_HASH_ONLY
rv64uzba-v-add_uw	isa	PASS_AGREE	PASS	PASS	0	0		isa-run	isa-run/rv64uzba-v-add_uw/simulation.log	spike/logs/rv64uzba-v-add_uw.log	isa-build/rv64uzba-v-add_uw	6895bc348d9efc0385e1daeb2ad2e45f3005d69960ff3458bb807dee0b08b0d3	BUILD_HASH_ONLY
rv64uzba-v-sh1add	isa	PASS_AGREE	PASS	PASS	0	0		isa-run	isa-run/rv64uzba-v-sh1add/simulation.log	spike/logs/rv64uzba-v-sh1add.log	isa-build/rv64uzba-v-sh1add	27af4452fecbfa84968fc58a4c02fc70c354baf60197da658daaec212ff52dc0	BUILD_HASH_ONLY
rv64uzba-v-sh1add_uw	isa	PASS_AGREE	PASS	PASS	0	0		isa-run	isa-run/rv64uzba-v-sh1add_uw/simulation.log	spike/logs/rv64uzba-v-sh1add_uw.log	isa-build/rv64uzba-v-sh1add_uw	118031915aaa5baac97e85f47e23819ad12ff17459a5fc5469899858deb49b2a	BUILD_HASH_ONLY
rv64uzba-v-sh2add	isa	PASS_AGREE	PASS	PASS	0	0		isa-run	isa-run/rv64uzba-v-sh2add/simulation.log	spike/logs/rv64uzba-v-sh2add.log	isa-build/rv64uzba-v-sh2add	bf11b636bf588eceac203c63461cc334fa17d7d1f406c7352ebbb0f21ae9d8d6	BUILD_HASH_ONLY
rv64uzba-v-sh2add_uw	isa	PASS_AGREE	PASS	PASS	0	0		isa-run	isa-run/rv64uzba-v-sh2add_uw/simulation.log	spike/logs/rv64uzba-v-sh2add_uw.log	isa-build/rv64uzba-v-sh2add_uw	b5cc72fb369e45cd8a455fb72e813d98d01dfd920d6c802de16d063ed8ff08ea	BUILD_HASH_ONLY
rv64uzba-v-sh3add	isa	PASS_AGREE	PASS	PASS	0	0		isa-run	isa-run/rv64uzba-v-sh3add/simulation.log	spike/logs/rv64uzba-v-sh3add.log	isa-build/rv64uzba-v-sh3add	40194c5f1caade6fcd2dbc69f3532593b253b860b1b9113dbb41a9748df80e6b	BUILD_HASH_ONLY
rv64uzba-v-sh3add_uw	isa	PASS_AGREE	PASS	PASS	0	0		isa-run	isa-run/rv64uzba-v-sh3add_uw/simulation.log	spike/logs/rv64uzba-v-sh3add_uw.log	isa-build/rv64uzba-v-sh3add_uw	f009067d143166487bf0d862cbe9821d8d5a74e8f806c7936c016309e61251b4	BUILD_HASH_ONLY
rv64uzba-v-slli_uw	isa	PASS_AGREE	PASS	PASS	0	0		isa-run	isa-run/rv64uzba-v-slli_uw/simulation.log	spike/logs/rv64uzba-v-slli_uw.log	isa-build/rv64uzba-v-slli_uw	9012990216a196eadf90d5c7aa25009ad941fd30758a5a5e043b66c84024f6bf	BUILD_HASH_ONLY
rv64uzbb-p-andn	isa	PASS_AGREE	PASS	PASS	0	0		isa-run	isa-run/rv64uzbb-p-andn/simulation.log	spike/logs/rv64uzbb-p-andn.log	isa-build/rv64uzbb-p-andn	057e0f54f98bd241e964ccd4d0c9de8feec1dab9ce7ee60468cf5ec1ba47ff7a	BUILD_HASH_ONLY
rv64uzbb-p-clz	isa	PASS_AGREE	PASS	PASS	0	0		isa-run	isa-run/rv64uzbb-p-clz/simulation.log	spike/logs/rv64uzbb-p-clz.log	isa-build/rv64uzbb-p-clz	c0905b61da17022033949f5242d1a6eb820b19a065bd902096e8f3d48e90048d	BUILD_HASH_ONLY
rv64uzbb-p-clzw	isa	PASS_AGREE	PASS	PASS	0	0		isa-run	isa-run/rv64uzbb-p-clzw/simulation.log	spike/logs/rv64uzbb-p-clzw.log	isa-build/rv64uzbb-p-clzw	56c0f35c7544608d4b9728c1506d7a24326c038d829ee02c96cd94505843ca52	BUILD_HASH_ONLY
rv64uzbb-p-cpop	isa	PASS_AGREE	PASS	PASS	0	0		isa-run	isa-run/rv64uzbb-p-cpop/simulation.log	spike/logs/rv64uzbb-p-cpop.log	isa-build/rv64uzbb-p-cpop	5dcb69ebe16875e110bda5906df3389f48bde7624798457a9ea37236d8b003cf	BUILD_HASH_ONLY
rv64uzbb-p-cpopw	isa	PASS_AGREE	PASS	PASS	0	0		isa-run	isa-run/rv64uzbb-p-cpopw/simulation.log	spike/logs/rv64uzbb-p-cpopw.log	isa-build/rv64uzbb-p-cpopw	1ac13a54a69d0bfa47ff5d48310646bb1f92419663ee62ab4196a677177e64a4	BUILD_HASH_ONLY
rv64uzbb-p-ctz	isa	PASS_AGREE	PASS	PASS	0	0		isa-run	isa-run/rv64uzbb-p-ctz/simulation.log	spike/logs/rv64uzbb-p-ctz.log	isa-build/rv64uzbb-p-ctz	9385e9eeed4fe520bae66b067ab2eab00da1802435ba99c78227ed839b7a1af3	BUILD_HASH_ONLY
rv64uzbb-p-ctzw	isa	PASS_AGREE	PASS	PASS	0	0		isa-run	isa-run/rv64uzbb-p-ctzw/simulation.log	spike/logs/rv64uzbb-p-ctzw.log	isa-build/rv64uzbb-p-ctzw	45ff1f67b452b3172916b398e1b4b515213b5e21655f5b9e529a435acf37cbea	BUILD_HASH_ONLY
rv64uzbb-p-max	isa	PASS_AGREE	PASS	PASS	0	0		isa-run	isa-run/rv64uzbb-p-max/simulation.log	spike/logs/rv64uzbb-p-max.log	isa-build/rv64uzbb-p-max	8d18bf2f0aab2916c2c1d43a59cad591d59971ef23a18af8cda58a4bcfa809aa	BUILD_HASH_ONLY
rv64uzbb-p-maxu	isa	PASS_AGREE	PASS	PASS	0	0		isa-run	isa-run/rv64uzbb-p-maxu/simulation.log	spike/logs/rv64uzbb-p-maxu.log	isa-build/rv64uzbb-p-maxu	f6c56615affb96304e69f81046d109f4c2afb7c01f66ff670a92be9f3cf3b9db	BUILD_HASH_ONLY
rv64uzbb-p-min	isa	PASS_AGREE	PASS	PASS	0	0		isa-run	isa-run/rv64uzbb-p-min/simulation.log	spike/logs/rv64uzbb-p-min.log	isa-build/rv64uzbb-p-min	480c2b767d18bba42fc9ada0c019aa991e2ed5f1cbbe8e53ef727d84a77ac191	BUILD_HASH_ONLY
rv64uzbb-p-minu	isa	PASS_AGREE	PASS	PASS	0	0		isa-run	isa-run/rv64uzbb-p-minu/simulation.log	spike/logs/rv64uzbb-p-minu.log	isa-build/rv64uzbb-p-minu	cf6c8b7481cc6b447cc024f3ac06ed73945bc950aff36f83c64a412919e233d2	BUILD_HASH_ONLY
rv64uzbb-p-orc_b	isa	PASS_AGREE	PASS	PASS	0	0		isa-run	isa-run/rv64uzbb-p-orc_b/simulation.log	spike/logs/rv64uzbb-p-orc_b.log	isa-build/rv64uzbb-p-orc_b	e8f346afe965be1eaed4666fd6abdd962fa6737eba0efdc58f9bd32b10950355	BUILD_HASH_ONLY
rv64uzbb-p-orn	isa	PASS_AGREE	PASS	PASS	0	0		isa-run	isa-run/rv64uzbb-p-orn/simulation.log	spike/logs/rv64uzbb-p-orn.log	isa-build/rv64uzbb-p-orn	91da950289bb25b1a397a5a1a5ec472ffb8255e75a2fc62d038ac3299461e087	BUILD_HASH_ONLY
rv64uzbb-p-rev8	isa	PASS_AGREE	PASS	PASS	0	0		isa-run	isa-run/rv64uzbb-p-rev8/simulation.log	spike/logs/rv64uzbb-p-rev8.log	isa-build/rv64uzbb-p-rev8	d90fe1fafe3e18f3410d680c6279f1b3ed6d0fbfe21e41397905bd6026cceba2	BUILD_HASH_ONLY
rv64uzbb-p-rol	isa	PASS_AGREE	PASS	PASS	0	0		isa-run	isa-run/rv64uzbb-p-rol/simulation.log	spike/logs/rv64uzbb-p-rol.log	isa-build/rv64uzbb-p-rol	ec2f1db41b5214091ae5fe578d605272de32eca1f30944a52dd433a24ed0a8d1	BUILD_HASH_ONLY
rv64uzbb-p-rolw	isa	PASS_AGREE	PASS	PASS	0	0		isa-run	isa-run/rv64uzbb-p-rolw/simulation.log	spike/logs/rv64uzbb-p-rolw.log	isa-build/rv64uzbb-p-rolw	64edb6d5b622c2166d26859459b9c8925fdab87b2373f90c578a7ee57595da46	BUILD_HASH_ONLY
rv64uzbb-p-ror	isa	PASS_AGREE	PASS	PASS	0	0		isa-run	isa-run/rv64uzbb-p-ror/simulation.log	spike/logs/rv64uzbb-p-ror.log	isa-build/rv64uzbb-p-ror	4f64acd67db49f1b319645b084206ed88a8b68d8dfda42df224a1bd78e7e0732	BUILD_HASH_ONLY
rv64uzbb-p-rori	isa	PASS_AGREE	PASS	PASS	0	0		isa-run	isa-run/rv64uzbb-p-rori/simulation.log	spike/logs/rv64uzbb-p-rori.log	isa-build/rv64uzbb-p-rori	13740685fdb38d13fb3964d3a6032681e87aa5e7153f37d34c186349547790b8	BUILD_HASH_ONLY
rv64uzbb-p-roriw	isa	PASS_AGREE	PASS	PASS	0	0		isa-run	isa-run/rv64uzbb-p-roriw/simulation.log	spike/logs/rv64uzbb-p-roriw.log	isa-build/rv64uzbb-p-roriw	2d81c5b0959fd75326b1627d2c6c5621ffbae4045cf9c94103aaea513c77fada	BUILD_HASH_ONLY
rv64uzbb-p-rorw	isa	PASS_AGREE	PASS	PASS	0	0		isa-run	isa-run/rv64uzbb-p-rorw/simulation.log	spike/logs/rv64uzbb-p-rorw.log	isa-build/rv64uzbb-p-rorw	e05b49320699ddc7303d45baea9c05de819e16d63851979424782542c9267c63	BUILD_HASH_ONLY
rv64uzbb-p-sext_b	isa	PASS_AGREE	PASS	PASS	0	0		isa-run	isa-run/rv64uzbb-p-sext_b/simulation.log	spike/logs/rv64uzbb-p-sext_b.log	isa-build/rv64uzbb-p-sext_b	14a951b83c48ea6d1a1a8eb3b2eb401caa0c1d95799696b323a4ead7db7de41e	BUILD_HASH_ONLY
rv64uzbb-p-sext_h	isa	PASS_AGREE	PASS	PASS	0	0		isa-run	isa-run/rv64uzbb-p-sext_h/simulation.log	spike/logs/rv64uzbb-p-sext_h.log	isa-build/rv64uzbb-p-sext_h	9eaffb06886cb98efda469c17acff31b74b486407b96270e145a8a814fcb551e	BUILD_HASH_ONLY
rv64uzbb-p-xnor	isa	PASS_AGREE	PASS	PASS	0	0		isa-run	isa-run/rv64uzbb-p-xnor/simulation.log	spike/logs/rv64uzbb-p-xnor.log	isa-build/rv64uzbb-p-xnor	f7e0fb9df10203b9a3cf45b7e595c6d313f7748889467d34d826b8dd11f24963	BUILD_HASH_ONLY
rv64uzbb-p-zext_h	isa	PASS_AGREE	PASS	PASS	0	0		isa-run	isa-run/rv64uzbb-p-zext_h/simulation.log	spike/logs/rv64uzbb-p-zext_h.log	isa-build/rv64uzbb-p-zext_h	3a0e0ed44dfd50498886dbb3d00a157d0edf25947b4e50639f1a6a77ea9af2e5	BUILD_HASH_ONLY
rv64uzbb-v-andn	isa	PASS_AGREE	PASS	PASS	0	0		isa-run	isa-run/rv64uzbb-v-andn/simulation.log	spike/logs/rv64uzbb-v-andn.log	isa-build/rv64uzbb-v-andn	07f20456cf9b79057365bf7c8ae4bf6ad00d63e0f1f19469d884ff95b8d19f10	BUILD_HASH_ONLY
rv64uzbb-v-clz	isa	PASS_AGREE	PASS	PASS	0	0		isa-run	isa-run/rv64uzbb-v-clz/simulation.log	spike/logs/rv64uzbb-v-clz.log	isa-build/rv64uzbb-v-clz	f9f01b8dc8dafa4252e5ab2114a0f7fafcb41b8325ff4a3db017a56e87138d05	BUILD_HASH_ONLY
rv64uzbb-v-clzw	isa	PASS_AGREE	PASS	PASS	0	0		isa-run	isa-run/rv64uzbb-v-clzw/simulation.log	spike/logs/rv64uzbb-v-clzw.log	isa-build/rv64uzbb-v-clzw	bf0597f4a7656d4be7a28e98ad396d37d4c4c607697548e58662d1834b996c77	BUILD_HASH_ONLY
rv64uzbb-v-cpop	isa	PASS_AGREE	PASS	PASS	0	0		isa-run	isa-run/rv64uzbb-v-cpop/simulation.log	spike/logs/rv64uzbb-v-cpop.log	isa-build/rv64uzbb-v-cpop	44fc8091dc5321a0be243e1eb879cee7074c0ceae9fac70cf376d72556f5c671	BUILD_HASH_ONLY
rv64uzbb-v-cpopw	isa	PASS_AGREE	PASS	PASS	0	0		isa-run	isa-run/rv64uzbb-v-cpopw/simulation.log	spike/logs/rv64uzbb-v-cpopw.log	isa-build/rv64uzbb-v-cpopw	a048c80108042ed438abf8c3559918b09ab28b241b3eba0dfbc2de745f4d38ea	BUILD_HASH_ONLY
rv64uzbb-v-ctz	isa	PASS_AGREE	PASS	PASS	0	0		isa-run	isa-run/rv64uzbb-v-ctz/simulation.log	spike/logs/rv64uzbb-v-ctz.log	isa-build/rv64uzbb-v-ctz	afdba4e3b11bf91f4654293ed65cdf180b610d78b758ed1d473e8d591b046235	BUILD_HASH_ONLY
rv64uzbb-v-ctzw	isa	PASS_AGREE	PASS	PASS	0	0		isa-run	isa-run/rv64uzbb-v-ctzw/simulation.log	spike/logs/rv64uzbb-v-ctzw.log	isa-build/rv64uzbb-v-ctzw	b50e2b7c8a9f0e415ea3f5bfb062d4d90dc6191b67901b96ff380bcdb95754ed	BUILD_HASH_ONLY
rv64uzbb-v-max	isa	PASS_AGREE	PASS	PASS	0	0		isa-run	isa-run/rv64uzbb-v-max/simulation.log	spike/logs/rv64uzbb-v-max.log	isa-build/rv64uzbb-v-max	4982b3022a9c0feff29001453ebaf13cc17651f3cb2cf5f5e0f0f15a37260f53	BUILD_HASH_ONLY
rv64uzbb-v-maxu	isa	PASS_AGREE	PASS	PASS	0	0		isa-run	isa-run/rv64uzbb-v-maxu/simulation.log	spike/logs/rv64uzbb-v-maxu.log	isa-build/rv64uzbb-v-maxu	e3673816e4f4b5b70755c4d1248778073e3ce322bf4ceb19eaf8478d68e47163	BUILD_HASH_ONLY
rv64uzbb-v-min	isa	PASS_AGREE	PASS	PASS	0	0		isa-run	isa-run/rv64uzbb-v-min/simulation.log	spike/logs/rv64uzbb-v-min.log	isa-build/rv64uzbb-v-min	0a3c7b898c719cbe68c32f2f003b046e0119d68d26442c2b78edfb01173740af	BUILD_HASH_ONLY
rv64uzbb-v-minu	isa	PASS_AGREE	PASS	PASS	0	0		isa-run	isa-run/rv64uzbb-v-minu/simulation.log	spike/logs/rv64uzbb-v-minu.log	isa-build/rv64uzbb-v-minu	cc0b0faa20028bd3c06d89a4f6346dcb046181cdc08e476d4bdcf91c0178d04f	BUILD_HASH_ONLY
rv64uzbb-v-orc_b	isa	PASS_AGREE	PASS	PASS	0	0		isa-run	isa-run/rv64uzbb-v-orc_b/simulation.log	spike/logs/rv64uzbb-v-orc_b.log	isa-build/rv64uzbb-v-orc_b	14e9a51db5bc3e07f0876190736f306775436bf8685a52872a15d528d2a3b1aa	BUILD_HASH_ONLY
rv64uzbb-v-orn	isa	PASS_AGREE	PASS	PASS	0	0		isa-run	isa-run/rv64uzbb-v-orn/simulation.log	spike/logs/rv64uzbb-v-orn.log	isa-build/rv64uzbb-v-orn	36b43e6cd46325996fb9cf999dbf7d07963c77ffee998fc6b73f8078790b772f	BUILD_HASH_ONLY
rv64uzbb-v-rev8	isa	PASS_AGREE	PASS	PASS	0	0		isa-run	isa-run/rv64uzbb-v-rev8/simulation.log	spike/logs/rv64uzbb-v-rev8.log	isa-build/rv64uzbb-v-rev8	021241141141e1fbb2338fb7803d46e313923b60994743a512f8589fef945326	BUILD_HASH_ONLY
rv64uzbb-v-rol	isa	PASS_AGREE	PASS	PASS	0	0		isa-run	isa-run/rv64uzbb-v-rol/simulation.log	spike/logs/rv64uzbb-v-rol.log	isa-build/rv64uzbb-v-rol	14343c88b733182c6517e52caf807cc3179228e6dc5817504b5cd0fea8af06be	BUILD_HASH_ONLY
rv64uzbb-v-rolw	isa	PASS_AGREE	PASS	PASS	0	0		isa-run	isa-run/rv64uzbb-v-rolw/simulation.log	spike/logs/rv64uzbb-v-rolw.log	isa-build/rv64uzbb-v-rolw	a6ed95747709e05cdfe06b150bea149f0b0bb4f97e771b08cbeb8f0d89fa42c9	BUILD_HASH_ONLY
rv64uzbb-v-ror	isa	PASS_AGREE	PASS	PASS	0	0		isa-run	isa-run/rv64uzbb-v-ror/simulation.log	spike/logs/rv64uzbb-v-ror.log	isa-build/rv64uzbb-v-ror	034e0de70773e17d31c97635b5428fc47bc2ebd89c4a55700739a5dfbb293c60	BUILD_HASH_ONLY
rv64uzbb-v-rori	isa	PASS_AGREE	PASS	PASS	0	0		isa-run	isa-run/rv64uzbb-v-rori/simulation.log	spike/logs/rv64uzbb-v-rori.log	isa-build/rv64uzbb-v-rori	58ceb722714825fca223407d1addadebdeb15788f39974206760d5adba3c3238	BUILD_HASH_ONLY
rv64uzbb-v-roriw	isa	PASS_AGREE	PASS	PASS	0	0		isa-run	isa-run/rv64uzbb-v-roriw/simulation.log	spike/logs/rv64uzbb-v-roriw.log	isa-build/rv64uzbb-v-roriw	391ffca14d4e7e8a77dc088db6ab1f707d893dec0df731802942061420220659	BUILD_HASH_ONLY
rv64uzbb-v-rorw	isa	PASS_AGREE	PASS	PASS	0	0		isa-run	isa-run/rv64uzbb-v-rorw/simulation.log	spike/logs/rv64uzbb-v-rorw.log	isa-build/rv64uzbb-v-rorw	07c94e364ed083897b41e5dee93c85b17d6674337ea07dbc1ccbc911d010b51d	BUILD_HASH_ONLY
rv64uzbb-v-sext_b	isa	PASS_AGREE	PASS	PASS	0	0		isa-run	isa-run/rv64uzbb-v-sext_b/simulation.log	spike/logs/rv64uzbb-v-sext_b.log	isa-build/rv64uzbb-v-sext_b	15dc7ca9b528f998058537e0140a6150e5060abb9bbea1f3407bdbafda8ffbce	BUILD_HASH_ONLY
rv64uzbb-v-sext_h	isa	PASS_AGREE	PASS	PASS	0	0		isa-run	isa-run/rv64uzbb-v-sext_h/simulation.log	spike/logs/rv64uzbb-v-sext_h.log	isa-build/rv64uzbb-v-sext_h	bf5af7c3212cb717cca82ba7970b058f6e9e3ca796589901d4ff76e19e4cd789	BUILD_HASH_ONLY
rv64uzbb-v-xnor	isa	PASS_AGREE	PASS	PASS	0	0		isa-run	isa-run/rv64uzbb-v-xnor/simulation.log	spike/logs/rv64uzbb-v-xnor.log	isa-build/rv64uzbb-v-xnor	6dbfbb094ce7ea3e0f2550d3a85bb390e17600ce772d58d75bc268654328c4c6	BUILD_HASH_ONLY
rv64uzbb-v-zext_h	isa	PASS_AGREE	PASS	PASS	0	0		isa-run	isa-run/rv64uzbb-v-zext_h/simulation.log	spike/logs/rv64uzbb-v-zext_h.log	isa-build/rv64uzbb-v-zext_h	419284466e620d3f9c00443d9eee5a13b3d54f6695009f62f6863e4cd005c608	BUILD_HASH_ONLY
rv64uzbc-p-clmul	isa	NONPASS_AGREE	FAIL	NONZERO	255	156	668	isa-run	isa-run/rv64uzbc-p-clmul/simulation.log	spike/logs/rv64uzbc-p-clmul.log	isa-build/rv64uzbc-p-clmul	ce59aa123f83d67ae48de46264247169de26610a05e20bc8c03600e1020d7a06	BUILD_HASH_ONLY
rv64uzbc-p-clmulh	isa	NONPASS_AGREE	FAIL	NONZERO	255	156	668	isa-run	isa-run/rv64uzbc-p-clmulh/simulation.log	spike/logs/rv64uzbc-p-clmulh.log	isa-build/rv64uzbc-p-clmulh	bd346416847096fa87d71fa98e46db4eb68b772c4603470c955067e7bf63d003	BUILD_HASH_ONLY
rv64uzbc-p-clmulr	isa	NONPASS_AGREE	FAIL	NONZERO	255	156	668	isa-run	isa-run/rv64uzbc-p-clmulr/simulation.log	spike/logs/rv64uzbc-p-clmulr.log	isa-build/rv64uzbc-p-clmulr	97655b72603fe606b91cf2dad4681591d3dbd66e81835faafa7c7851e8431a84	BUILD_HASH_ONLY
rv64uzbc-v-clmul	isa	NONPASS_AGREE	WALL_TIMEOUT	TIMEOUT	0	124		isa-run	isa-run/rv64uzbc-v-clmul/simulation.log	spike/logs/rv64uzbc-v-clmul.log	isa-build/rv64uzbc-v-clmul	23108b5777200d067163a5b41a5635da6ea16f361bc78309f4152994e374b937	BUILD_HASH_ONLY
rv64uzbc-v-clmulh	isa	NONPASS_AGREE	WALL_TIMEOUT	TIMEOUT	0	124		isa-run	isa-run/rv64uzbc-v-clmulh/simulation.log	spike/logs/rv64uzbc-v-clmulh.log	isa-build/rv64uzbc-v-clmulh	75ac224285ac2295e17e817da8cdf0ae30715117fefb5b0231c50db168fa91c5	BUILD_HASH_ONLY
rv64uzbc-v-clmulr	isa	NONPASS_AGREE	WALL_TIMEOUT	TIMEOUT	0	124		isa-run	isa-run/rv64uzbc-v-clmulr/simulation.log	spike/logs/rv64uzbc-v-clmulr.log	isa-build/rv64uzbc-v-clmulr	20dfe03aae7b76d3dd906f49257da8c4ff3891598f512a1c9c94cc988a73bbd3	BUILD_HASH_ONLY
rv64uzbs-p-bclr	isa	PASS_AGREE	PASS	PASS	0	0		isa-run	isa-run/rv64uzbs-p-bclr/simulation.log	spike/logs/rv64uzbs-p-bclr.log	isa-build/rv64uzbs-p-bclr	f8f06f99ad090bd8c0f407cc812966398f51c5409a94341dc79e20466e03a0a4	BUILD_HASH_ONLY
rv64uzbs-p-bclri	isa	PASS_AGREE	PASS	PASS	0	0		isa-run	isa-run/rv64uzbs-p-bclri/simulation.log	spike/logs/rv64uzbs-p-bclri.log	isa-build/rv64uzbs-p-bclri	11c9c5a2a91fa5d4d060ba9bd37ba623d20ef6a135c83f379e9777038270cbd6	BUILD_HASH_ONLY
rv64uzbs-p-bext	isa	PASS_AGREE	PASS	PASS	0	0		isa-run	isa-run/rv64uzbs-p-bext/simulation.log	spike/logs/rv64uzbs-p-bext.log	isa-build/rv64uzbs-p-bext	6dd0bf9593ea13d943e69e3e087fe5d223f55062a61637b776feeeddf6729719	BUILD_HASH_ONLY
rv64uzbs-p-bexti	isa	PASS_AGREE	PASS	PASS	0	0		isa-run	isa-run/rv64uzbs-p-bexti/simulation.log	spike/logs/rv64uzbs-p-bexti.log	isa-build/rv64uzbs-p-bexti	806fbe16436374b3345a44c1a0afa36aef1d04c91505be2f8929c73a7d03c607	BUILD_HASH_ONLY
rv64uzbs-p-binv	isa	PASS_AGREE	PASS	PASS	0	0		isa-run	isa-run/rv64uzbs-p-binv/simulation.log	spike/logs/rv64uzbs-p-binv.log	isa-build/rv64uzbs-p-binv	aea6fd7e0f9670bacdf25cce28077b50af7955f9b3363c842cf532cdc0c7bafe	BUILD_HASH_ONLY
rv64uzbs-p-binvi	isa	PASS_AGREE	PASS	PASS	0	0		isa-run	isa-run/rv64uzbs-p-binvi/simulation.log	spike/logs/rv64uzbs-p-binvi.log	isa-build/rv64uzbs-p-binvi	a882c36061abc3f46465e7c6fffc1ef2dfb54bc51e183c86e157257bca6f3bb5	BUILD_HASH_ONLY
rv64uzbs-p-bset	isa	PASS_AGREE	PASS	PASS	0	0		isa-run	isa-run/rv64uzbs-p-bset/simulation.log	spike/logs/rv64uzbs-p-bset.log	isa-build/rv64uzbs-p-bset	bb1ea07687f1cdf8e05f8d7633bd5c5036f2e4def4a908c43b31f96e680f25f9	BUILD_HASH_ONLY
rv64uzbs-p-bseti	isa	PASS_AGREE	PASS	PASS	0	0		isa-run	isa-run/rv64uzbs-p-bseti/simulation.log	spike/logs/rv64uzbs-p-bseti.log	isa-build/rv64uzbs-p-bseti	e34acc21882e38f379438706327697b7818fbae0ffa2011faaf7d60cb9697ed5	BUILD_HASH_ONLY
rv64uzbs-v-bclr	isa	PASS_AGREE	PASS	PASS	0	0		isa-run	isa-run/rv64uzbs-v-bclr/simulation.log	spike/logs/rv64uzbs-v-bclr.log	isa-build/rv64uzbs-v-bclr	1960593e12daa1d9bb111ef9ca5f397fe17b4babf8743681490502ac86e4dffc	BUILD_HASH_ONLY
rv64uzbs-v-bclri	isa	PASS_AGREE	PASS	PASS	0	0		isa-run	isa-run/rv64uzbs-v-bclri/simulation.log	spike/logs/rv64uzbs-v-bclri.log	isa-build/rv64uzbs-v-bclri	8b3ac229afe6e1f3287b8471bae00e7f597f8e3dc8dae224183e8eddf91ff436	BUILD_HASH_ONLY
rv64uzbs-v-bext	isa	PASS_AGREE	PASS	PASS	0	0		isa-run	isa-run/rv64uzbs-v-bext/simulation.log	spike/logs/rv64uzbs-v-bext.log	isa-build/rv64uzbs-v-bext	8e9e598df986a928a13d67bdce16a738cc730122aae37cedb126b77eb6aa6b58	BUILD_HASH_ONLY
rv64uzbs-v-bexti	isa	PASS_AGREE	PASS	PASS	0	0		isa-run	isa-run/rv64uzbs-v-bexti/simulation.log	spike/logs/rv64uzbs-v-bexti.log	isa-build/rv64uzbs-v-bexti	db4d2a6dd2f878b3c5f18847aee451d7b8f0560959283ff1c2300ca90830cd17	BUILD_HASH_ONLY
rv64uzbs-v-binv	isa	PASS_AGREE	PASS	PASS	0	0		isa-run	isa-run/rv64uzbs-v-binv/simulation.log	spike/logs/rv64uzbs-v-binv.log	isa-build/rv64uzbs-v-binv	ca79d76b8a02d4e9ab1232c1939dc2925ad3d228026defe6250dca8de3b7aa8e	BUILD_HASH_ONLY
rv64uzbs-v-binvi	isa	PASS_AGREE	PASS	PASS	0	0		isa-run	isa-run/rv64uzbs-v-binvi/simulation.log	spike/logs/rv64uzbs-v-binvi.log	isa-build/rv64uzbs-v-binvi	c57da1f3e0dd3f6ac3257b4548740d17a9b893be4ca069df4025d4f14c28fe52	BUILD_HASH_ONLY
rv64uzbs-v-bset	isa	PASS_AGREE	PASS	PASS	0	0		isa-run	isa-run/rv64uzbs-v-bset/simulation.log	spike/logs/rv64uzbs-v-bset.log	isa-build/rv64uzbs-v-bset	2d38f49bf92f97864b5bc364401f1c1d39844c45f520ef2dc94f6dcd24678553	BUILD_HASH_ONLY
rv64uzbs-v-bseti	isa	PASS_AGREE	PASS	PASS	0	0		isa-run	isa-run/rv64uzbs-v-bseti/simulation.log	spike/logs/rv64uzbs-v-bseti.log	isa-build/rv64uzbs-v-bseti	c099455c512ae8819e0aed74d673c63baf26288bf1f64402249057e214fe8737	BUILD_HASH_ONLY
rv64uzfh-p-fadd	isa	PASS_AGREE	PASS	PASS	0	0		isa-run	isa-run/rv64uzfh-p-fadd/simulation.log	spike/logs/rv64uzfh-p-fadd.log	isa-build/rv64uzfh-p-fadd	ec59f9fcd78324e632d2b1216586f1074228e6d5d8092f38048fbdb687b7b524	BUILD_HASH_ONLY
rv64uzfh-p-fclass	isa	PASS_AGREE	PASS	PASS	0	0		isa-run	isa-run/rv64uzfh-p-fclass/simulation.log	spike/logs/rv64uzfh-p-fclass.log	isa-build/rv64uzfh-p-fclass	c51c2cff9628d9beace1dcc59d88406a2be3df9fbd05d11058e7f5ee78711bf5	BUILD_HASH_ONLY
rv64uzfh-p-fcmp	isa	PASS_AGREE	PASS	PASS	0	0		isa-run	isa-run/rv64uzfh-p-fcmp/simulation.log	spike/logs/rv64uzfh-p-fcmp.log	isa-build/rv64uzfh-p-fcmp	7e9a359191109b938ca3f21e90b04658a017f2349572ff1ffc6d43dd0538f87f	BUILD_HASH_ONLY
rv64uzfh-p-fcvt	isa	PASS_AGREE	PASS	PASS	0	0		isa-run	isa-run/rv64uzfh-p-fcvt/simulation.log	spike/logs/rv64uzfh-p-fcvt.log	isa-build/rv64uzfh-p-fcvt	986641ed8c8da0604b3a8a742f13cd28919938bf9a0df8ba1920f425a9b86018	BUILD_HASH_ONLY
rv64uzfh-p-fcvt_w	isa	PASS_AGREE	PASS	PASS	0	0		isa-run	isa-run/rv64uzfh-p-fcvt_w/simulation.log	spike/logs/rv64uzfh-p-fcvt_w.log	isa-build/rv64uzfh-p-fcvt_w	530bc7e7dc7543dd1134c1511bd9f029b6ba8aab8f61392e2a982d747cd20a06	BUILD_HASH_ONLY
rv64uzfh-p-fdiv	isa	PASS_AGREE	PASS	PASS	0	0		isa-run	isa-run/rv64uzfh-p-fdiv/simulation.log	spike/logs/rv64uzfh-p-fdiv.log	isa-build/rv64uzfh-p-fdiv	b213d988a08540a52a5edd5c368b83910706a89f48def77e07098cc52b8499c5	BUILD_HASH_ONLY
rv64uzfh-p-fmadd	isa	PASS_AGREE	PASS	PASS	0	0		isa-run	isa-run/rv64uzfh-p-fmadd/simulation.log	spike/logs/rv64uzfh-p-fmadd.log	isa-build/rv64uzfh-p-fmadd	e0c60ec9052d52ca77e4d85d73b052c92d3d5c5f21d2d9b53a58e64081ba6a24	BUILD_HASH_ONLY
rv64uzfh-p-fmin	isa	PASS_AGREE	PASS	PASS	0	0		isa-run	isa-run/rv64uzfh-p-fmin/simulation.log	spike/logs/rv64uzfh-p-fmin.log	isa-build/rv64uzfh-p-fmin	ae88ee3c1ade137351de04fb8341dfefd7d877ffa8582144ed6c701d54f6e472	BUILD_HASH_ONLY
rv64uzfh-p-ldst	isa	PASS_AGREE	PASS	PASS	0	0		isa-run	isa-run/rv64uzfh-p-ldst/simulation.log	spike/logs/rv64uzfh-p-ldst.log	isa-build/rv64uzfh-p-ldst	3535d8ad836bf3f127b740a6248fe608fffa5563e6deb7ef5f75753f111d4517	BUILD_HASH_ONLY
rv64uzfh-p-move	isa	PASS_AGREE	PASS	PASS	0	0		isa-run	isa-run/rv64uzfh-p-move/simulation.log	spike/logs/rv64uzfh-p-move.log	isa-build/rv64uzfh-p-move	ff54eebfa6ebccd0fc696ecedae20f186c3a465ea2fb8b071551b2c0993f3005	BUILD_HASH_ONLY
rv64uzfh-p-recoding	isa	PASS_AGREE	PASS	PASS	0	0		isa-run	isa-run/rv64uzfh-p-recoding/simulation.log	spike/logs/rv64uzfh-p-recoding.log	isa-build/rv64uzfh-p-recoding	e2418f50a7624b9dcb35142ecc07a3a43d0e2ab4167f4d45d5689a9ce09b4b9a	BUILD_HASH_ONLY
rv64uzfh-v-fadd	isa	PASS_AGREE	PASS	PASS	0	0		isa-run	isa-run/rv64uzfh-v-fadd/simulation.log	spike/logs/rv64uzfh-v-fadd.log	isa-build/rv64uzfh-v-fadd	7c8d81504660cd928d903555fd96f885d867b9e275ec2ff4f4760a665d41b079	BUILD_HASH_ONLY
rv64uzfh-v-fclass	isa	PASS_AGREE	PASS	PASS	0	0		isa-run	isa-run/rv64uzfh-v-fclass/simulation.log	spike/logs/rv64uzfh-v-fclass.log	isa-build/rv64uzfh-v-fclass	c08a1721b2dd013ce16e5bd524e503a619d7167879721caa8cc6c0655ff2281b	BUILD_HASH_ONLY
rv64uzfh-v-fcmp	isa	PASS_AGREE	PASS	PASS	0	0		isa-run	isa-run/rv64uzfh-v-fcmp/simulation.log	spike/logs/rv64uzfh-v-fcmp.log	isa-build/rv64uzfh-v-fcmp	4bda1e811d5a2b9cfdec7b38b50dd71b62fe7790c5cca4bd86b810cf9e9e44e3	BUILD_HASH_ONLY
rv64uzfh-v-fcvt	isa	PASS_AGREE	PASS	PASS	0	0		isa-run	isa-run/rv64uzfh-v-fcvt/simulation.log	spike/logs/rv64uzfh-v-fcvt.log	isa-build/rv64uzfh-v-fcvt	a7fde75f825956822c903ba02c07e1cfb4ed17d8b293e42e94ae74a2d5d3e7f1	BUILD_HASH_ONLY
rv64uzfh-v-fcvt_w	isa	PASS_AGREE	PASS	PASS	0	0		isa-run	isa-run/rv64uzfh-v-fcvt_w/simulation.log	spike/logs/rv64uzfh-v-fcvt_w.log	isa-build/rv64uzfh-v-fcvt_w	40d42e4fe05bd2eab2c6625d8f87ec3051d19019277994dfaea2993af3ca4eeb	BUILD_HASH_ONLY
rv64uzfh-v-fdiv	isa	PASS_AGREE	PASS	PASS	0	0		isa-run	isa-run/rv64uzfh-v-fdiv/simulation.log	spike/logs/rv64uzfh-v-fdiv.log	isa-build/rv64uzfh-v-fdiv	47599dbaf85248f3835278e29567ff12268dfc5a9cb2fdacece4585b27852808	BUILD_HASH_ONLY
rv64uzfh-v-fmadd	isa	PASS_AGREE	PASS	PASS	0	0		isa-run	isa-run/rv64uzfh-v-fmadd/simulation.log	spike/logs/rv64uzfh-v-fmadd.log	isa-build/rv64uzfh-v-fmadd	63ee930bc5c85983ab9784d7cfbcd493a26326dc0d0aaaf9381c62711a3c0fb9	BUILD_HASH_ONLY
rv64uzfh-v-fmin	isa	PASS_AGREE	PASS	PASS	0	0		isa-run	isa-run/rv64uzfh-v-fmin/simulation.log	spike/logs/rv64uzfh-v-fmin.log	isa-build/rv64uzfh-v-fmin	a11c5dd4e527391475410e5441465111b47084e6826bced55cfd79e463e98a34	BUILD_HASH_ONLY
rv64uzfh-v-ldst	isa	PASS_AGREE	PASS	PASS	0	0		isa-run	isa-run/rv64uzfh-v-ldst/simulation.log	spike/logs/rv64uzfh-v-ldst.log	isa-build/rv64uzfh-v-ldst	9a45d5c8ff8054febe14b15f4738f02f20f95e8d22cc5875f4dbabdfcb8455cb	BUILD_HASH_ONLY
rv64uzfh-v-move	isa	PASS_AGREE	PASS	PASS	0	0		isa-run	isa-run/rv64uzfh-v-move/simulation.log	spike/logs/rv64uzfh-v-move.log	isa-build/rv64uzfh-v-move	444a1359a4ac19c8c7eb846fe4ec1da5082898146b0287dd6c97d38f446fb18c	BUILD_HASH_ONLY
rv64uzfh-v-recoding	isa	PASS_AGREE	PASS	PASS	0	0		isa-run	isa-run/rv64uzfh-v-recoding/simulation.log	spike/logs/rv64uzfh-v-recoding.log	isa-build/rv64uzfh-v-recoding	28fac9219c12f83815194a7e5935226f32395a91431adb4c0d91a3be7d5a0b60	BUILD_HASH_ONLY
spmv	benchmark-configured	PASS_AGREE	PASS	PASS	0	0		bench-run	bench-run/spmv/simulation.log	spike/benchmarks/logs/spmv.log	bench-build/bin/spmv.riscv	d3e423294450d71fd151da087c5ab608a44f3b576992b5ed2842c4215c6cd801	BUILD_HASH_ONLY
towers	benchmark-configured	PASS_AGREE	PASS	PASS	0	0		bench-run	bench-run/towers/simulation.log	spike/benchmarks/logs/towers.log	bench-build/bin/towers.riscv	e990cc45f8b563b0226f09fb438a4e91a8d5539400cbc27afc5c345903bf118a	BUILD_HASH_ONLY
vvadd	benchmark-configured	PASS_AGREE	PASS	PASS	0	0		bench-run	bench-run/vvadd/simulation.log	spike/benchmarks/logs/vvadd.log	bench-build/bin/vvadd.riscv	36692a7ee31397f5c74b73f22c2c3faee45655875b432120aa1834b0e2c1ec32	BUILD_HASH_ONLY
