make: Entering directory '${CHIPYARD_ROOT}/sims/verilator'
mkdir -p ${CHIPYARD_ROOT}/.classpath_cache/
mkdir -p ${CHIPYARD_ROOT}/sims/verilator/generated-src/chipyard.harness.TestHarness.DualRocketFFTConfig/
echo "emittedLineLength=2048,noAlwaysComb,disallowLocalVariables,verifLabels,disallowPortDeclSharing,locationInfoStyle=wrapInAtSquareBracket" > ${CHIPYARD_ROOT}/sims/verilator/generated-src/chipyard.harness.TestHarness.DualRocketFFTConfig/.mfc_lowering_options
cd ${CHIPYARD_ROOT} && java -jar ${CHIPYARD_ROOT}/scripts/sbt-launch.jar -Dsbt.ivy.home=${CHIPYARD_ROOT}/.ivy2 -Dsbt.global.base=${CHIPYARD_ROOT}/.sbt -Dsbt.boot.directory=${CHIPYARD_ROOT}/.sbt/boot/ -Dsbt.color=always -Dsbt.supershell=false -Dsbt.server.forcestart=true ";project chipyard; set assembly / assemblyOutputPath := file(\"${CHIPYARD_ROOT}/.classpath_cache/chipyard.jar\"); assembly" && touch ${CHIPYARD_ROOT}/.classpath_cache/chipyard.jar
Picked up JAVA_TOOL_OPTIONS: -Xmx8G -Xss8M -Djava.io.tmpdir=${CHIPYARD_ROOT}/.java_tmp
[0m[[0m[0minfo[0m] [0m[0mwelcome to sbt 1.8.2 (N/A Java 20.0.2-internal)[0m
[0m[[0m[0minfo[0m] [0m[0mloading settings for project chipyard-build from plugins.sbt ...[0m
[0m[[0m[0minfo[0m] [0m[0mloading project definition from ${CHIPYARD_ROOT}/project[0m
[0m[[0m[0minfo[0m] [0m[0mloading settings for project chipyardRoot from build.sbt ...[0m
[0m[[0m[0minfo[0m] [0m[0mloading settings for project barf from build.sbt ...[0m
[0m[[0m[0minfo[0m] [0m[0mloading settings for project constellation from build.sbt ...[0m
[0m[[0m[0minfo[0m] [0m[0mloading settings for project icenet from build.sbt ...[0m
[0m[[0m[0minfo[0m] [0m[0mloading settings for project midas_target_utils from build.sbt ...[0m
[0m[[0m[0minfo[0m] [0m[0mresolving key references (48721 settings) ...[0m
[0m[[0m[0minfo[0m] [0m[0mset current project to chipyardRoot (in build file:${CHIPYARD_ROOT}/)[0m
[0m[[0m[0minfo[0m] [0m[0mset current project to chipyard (in build file:${CHIPYARD_ROOT}/)[0m
[0m[[0m[0minfo[0m] [0m[0mDefining assembly / assemblyOutputPath[0m
[0m[[0m[0minfo[0m] [0m[0mThe new value will be used by assembly[0m
[0m[[0m[0minfo[0m] [0m[0mReapplying settings...[0m
[0m[[0m[0minfo[0m] [0m[0mset current project to chipyard (in build file:${CHIPYARD_ROOT}/)[0m
Warning: Tried to extract the base path for relative glob tools/stage/src/main/scala/**/*.{java,scala}. To disable this warning, re-run the program with java option, -Dsbt.io.implicit.relative.glob.conversion=allow
Warning: Tried to extract the base path for relative glob tools/stage/src/main/scala/**/*.{java,scala}. To disable this warning, re-run the program with java option, -Dsbt.io.implicit.relative.glob.conversion=allow
Warning: Tried to extract the base path for relative glob tools/firrtl2/src/main/java/**/*.{java,scala}. To disable this warning, re-run the program with java option, -Dsbt.io.implicit.relative.glob.conversion=allow
Warning: Tried to extract the base path for relative glob tools/firrtl2/src/main/java/**/*.{java,scala}. To disable this warning, re-run the program with java option, -Dsbt.io.implicit.relative.glob.conversion=allow
[0m[[0m[0minfo[0m] [0m[0mcompiling 4 Scala sources to ${CHIPYARD_ROOT}/generators/nvdla/target/scala-2.13/classes ...[0m
[0m[[0m[0minfo[0m] [0m[0mcompiling 7 Scala sources to ${CHIPYARD_ROOT}/generators/fft-generator/target/scala-2.13/classes ...[0m
[0m[[0m[33mwarn[0m] [0m[0m${CHIPYARD_ROOT}/generators/nvdla/src/main/scala/devices/nvdla/NVDLA.scala:21:66: type LazyModule in package diplomacy is deprecated (since rocketchip 2.0.0): Diplomacy has been split to a standalone library[0m
[0m[[0m[33mwarn[0m] [0m[0mclass NVDLA(params: NVDLAParams)(implicit p: Parameters) extends LazyModule {[0m
[0m[[0m[33mwarn[0m] [0m[0m                                                                 ^[0m
[0m[[0m[33mwarn[0m] [0m[0m${CHIPYARD_ROOT}/generators/nvdla/src/main/scala/devices/nvdla/NVDLA.scala:28:23: type SimpleDevice in package diplomacy is deprecated (since rocketchip 2.0.0): Use freechips.rocketchip.resources.SimpleDevice[0m
[0m[[0m[33mwarn[0m] [0m[0m  val dtsdevice = new SimpleDevice("nvdla",Seq("nvidia,nv_" + params.config))[0m
[0m[[0m[33mwarn[0m] [0m[0m                      ^[0m
[0m[[0m[33mwarn[0m] [0m[0m${CHIPYARD_ROOT}/generators/nvdla/src/main/scala/devices/nvdla/NVDLA.scala:62:39: value LazyModule in package diplomacy is deprecated (since rocketchip 2.0.0): Diplomacy has been split to a standalone library[0m
[0m[[0m[33mwarn[0m] [0m[0m    val sram = if (hasSecondAXI) Some(LazyModule(new AXI4RAM([0m
[0m[[0m[33mwarn[0m] [0m[0m                                      ^[0m
[0m[[0m[33mwarn[0m] [0m[0m${CHIPYARD_ROOT}/generators/nvdla/src/main/scala/devices/nvdla/NVDLA.scala:81:37: value LazyModule in package diplomacy is deprecated (since rocketchip 2.0.0): Diplomacy has been split to a standalone library[0m
[0m[[0m[33mwarn[0m] [0m[0m  val cfg_tl_node = cfg_apb_node := LazyModule(new TLToAPB).node[0m
[0m[[0m[33mwarn[0m] [0m[0m                                    ^[0m
[0m[[0m[33mwarn[0m] [0m[0m${CHIPYARD_ROOT}/generators/nvdla/src/main/scala/devices/nvdla/NVDLA.scala:86:25: type LazyModuleImp in package diplomacy is deprecated (since rocketchip 2.0.0): Diplomacy has been split to a standalone library[0m
[0m[[0m[33mwarn[0m] [0m[0m  lazy val module = new LazyModuleImp(this) {[0m
[0m[[0m[33mwarn[0m] [0m[0m                        ^[0m
[0m[[0m[33mwarn[0m] [0m[0m${CHIPYARD_ROOT}/generators/nvdla/src/main/scala/devices/nvdla/Periphery.scala:22:19: value LazyModule in package diplomacy is deprecated (since rocketchip 2.0.0): Diplomacy has been split to a standalone library[0m
[0m[[0m[33mwarn[0m] [0m[0m      val nvdla = LazyModule(new NVDLA(params))[0m
[0m[[0m[33mwarn[0m] [0m[0m                  ^[0m
[0m[[0m[33mwarn[0m] [0m[0m${CHIPYARD_ROOT}/generators/fft-generator/src/main/scala/FFT.scala:159:48: method copyArrayToImmutableIndexedSeq in class LowPriorityImplicits2 is deprecated (since 2.13.0): implicit conversions from Array to immutable.IndexedSeq are implemented by copying; use `toIndexedSeq` explicitly if you want to copy, or use the more efficient non-copying ArraySeq.unsafeWrapArray[0m
[0m[[0m[33mwarn[0m] [0m[0m  val indices_rom = VecInit(params.bindices.map(x => x.U))[0m
[0m[[0m[33mwarn[0m] [0m[0m                                               ^[0m
[0m[[0m[33mwarn[0m] [0m[0m${CHIPYARD_ROOT}/generators/fft-generator/src/main/scala/Tail.scala:110:77: type LazyModule in package diplomacy is deprecated (since rocketchip 2.0.0): Diplomacy has been split to a standalone library[0m
[0m[[0m[33mwarn[0m] [0m[0mclass LazyTail(val config: FixedTailParams)(implicit p: Parameters) extends LazyModule {[0m
[0m[[0m[33mwarn[0m] [0m[0m                                                                            ^[0m
[0m[[0m[33mwarn[0m] [0m[0m${CHIPYARD_ROOT}/generators/fft-generator/src/main/scala/Tail.scala:111:20: type SimpleDevice in package diplomacy is deprecated (since rocketchip 2.0.0): Use freechips.rocketchip.resources.SimpleDevice[0m
[0m[[0m[33mwarn[0m] [0m[0m  val device = new SimpleDevice("fft-generator", Seq("cpu")) // add an entry to the DeviceTree in the BootROM so that it can be read by a Linux driver (9.2 chipyard docs)[0m
[0m[[0m[33mwarn[0m] [0m[0m                   ^[0m
[0m[[0m[33mwarn[0m] [0m[0m${CHIPYARD_ROOT}/generators/fft-generator/src/main/scala/Tail.scala:119:25: type LazyModuleImp in package diplomacy is deprecated (since rocketchip 2.0.0): Diplomacy has been split to a standalone library[0m
[0m[[0m[33mwarn[0m] [0m[0m  lazy val module = new LazyModuleImp(this) {[0m
[0m[[0m[33mwarn[0m] [0m[0m                        ^[0m
[0m[[0m[33mwarn[0m] [0m[0m62 feature warnings; re-run with -feature for details[0m
[0m[[0m[33mwarn[0m] [0m[0m7 warnings found[0m
[0m[[0m[0minfo[0m] [0m[0mdone compiling[0m
[0m[[0m[33mwarn[0m] [0m[0mfour warnings found[0m
[0m[[0m[0minfo[0m] [0m[0mdone compiling[0m
[0m[[0m[0minfo[0m] [0m[0mcompiling 3 Scala sources to ${CHIPYARD_ROOT}/generators/chipyard/target/scala-2.13/classes ...[0m
[0m[[0m[0minfo[0m] [0m[0mdone compiling[0m
[0m[[0m[33mwarn[0m] [0m[0mmultiple main classes detected: run 'show discoveredMainClasses' to see the list[0m
[0m[[0m[0minfo[0m] [0m[0m68 file(s) merged using strategy 'Rename (Custom)' (Run the task at debug level to see the details)[0m
[0m[[0m[0minfo[0m] [0m[0m13 file(s) merged using strategy 'Rename' (Run the task at debug level to see the details)[0m
[0m[[0m[0minfo[0m] [0m[0m378 file(s) merged using strategy 'Discard' (Run the task at debug level to see the details)[0m
[0m[[0m[0minfo[0m] [0m[0mBuilt: ${CHIPYARD_ROOT}/.classpath_cache/chipyard.jar[0m
[0m[[0m[0minfo[0m] [0m[0mJar hash: 37159c88dc1cca1459b211fae46f1c90862bb651[0m
[0m[[0m[32msuccess[0m] [0m[0mTotal time: 115 s (01:55), completed Sep 12, 2026, 12:30:42 PM[0m
[0Jmkdir -p ${CHIPYARD_ROOT}/sims/verilator/generated-src/chipyard.harness.TestHarness.DualRocketFFTConfig
(set -o pipefail && 	cd ${CHIPYARD_ROOT} && java -cp ${CHIPYARD_ROOT}/.classpath_cache/chipyard.jar chipyard.Generator  --target-dir ${CHIPYARD_ROOT}/sims/verilator/generated-src/chipyard.harness.TestHarness.DualRocketFFTConfig --name chipyard.harness.TestHarness.DualRocketFFTConfig --top-module chipyard.harness.TestHarness --legacy-configs chipyard:DualRocketFFTConfig   | tee ${CHIPYARD_ROOT}/sims/verilator/generated-src/chipyard.harness.TestHarness.DualRocketFFTConfig/chipyard.harness.TestHarness.DualRocketFFTConfig.chisel.log)
Picked up JAVA_TOOL_OPTIONS: -Xmx8G -Xss8M -Djava.io.tmpdir=${CHIPYARD_ROOT}/.java_tmp
Pipeline registers inserted on stages: 0,0,0
Total biplex pipeline depth: 0
Total direct pipeline depth: 0
Pipeline registers inserted on stages: 0,0,0
Total biplex pipeline depth: 0
Total direct pipeline depth: 0
L2 InclusiveCache Client Map:
	0 <= debug
	1 <= serial_tl_0_0
	2 <= serial_tl_0_1
	3 <= serial_tl_0_2
	4 <= serial_tl_0_3
	5 <= Core 0 DCache
	6 <= Core 0 ICache
	7 <= Core 1 DCache
	8 <= Core 1 ICache

Interrupt map (4 harts 1 interrupts):
  [1, 1] => uart_0

<stdin>:112.18-117.5: Warning (simple_bus_reg): /soc/cbus_clock: missing or empty reg/ranges property
<stdin>:139.18-144.5: Warning (simple_bus_reg): /soc/fbus_clock: missing or empty reg/ranges property
<stdin>:160.18-165.5: Warning (simple_bus_reg): /soc/mbus_clock: missing or empty reg/ranges property
<stdin>:166.18-171.5: Warning (simple_bus_reg): /soc/pbus_clock: missing or empty reg/ranges property
<stdin>:177.18-182.5: Warning (simple_bus_reg): /soc/sbus_clock: missing or empty reg/ranges property
[31m

!!!!!!!!!!!!!!!!!!!!!!!!!!!!!!!!!!!!!!!!!!!!!!!!!!

WARNING: YOU ARE USING A DEADLOCKING DECOUPLED
SERIAL PHY. THIS SHOULD ONLY BE USED IF YOU ARE
CERTAIN THIS LINK WILL NOT BE HEAVILY LOADED.

USE CreditedSourceSyncSerialPhyParams INSTEAD IF
DEADLOCK-FREEDOM IS NECESSARY.

!!!!!!!!!!!!!!!!!!!!!!!!!!!!!!!!!!!!!!!!!!!!!!!!!!

[0m
Clock sbus_0: using diplomatically specified frequency of 500.0.
Clock pbus_0: using diplomatically specified frequency of 500.0.
Clock fbus_0: using diplomatically specified frequency of 500.0.
Clock mbus_0: using diplomatically specified frequency of 500.0.
Clock cbus_0: using diplomatically specified frequency of 500.0.
Leaving clock group uncore with synchronous reset
/dts-v1/;

/ {
	#address-cells = <1>;
	#size-cells = <1>;
	compatible = "ucb-bar,chipyard-dev";
	model = "ucb-bar,chipyard";
	L3: aliases {
		serial0 = &L30;
	};
	L21: chosen {
		stdout-path = &L30;
	};
	L2: cpus {
		#address-cells = <1>;
		#size-cells = <0>;
		timebase-frequency = <500000>;
		L13: cpu@0 {
			clock-frequency = <0>;
			compatible = "sifive,rocket0", "riscv";
			d-cache-block-size = <64>;
			d-cache-sets = <64>;
			d-cache-size = <32768>;
			d-tlb-sets = <1>;
			d-tlb-size = <32>;
			device_type = "cpu";
			hardware-exec-breakpoint-count = <1>;
			i-cache-block-size = <64>;
			i-cache-sets = <64>;
			i-cache-size = <32768>;
			i-tlb-sets = <1>;
			i-tlb-size = <32>;
			mmu-type = "riscv,sv39";
			next-level-cache = <&L10>;
			reg = <0x0>;
			riscv,isa = "rv64imafdcbzicsr_zifencei_zihpm_zfh_zba_zbb_zbs_xrocket";
			riscv,pmpgranularity = <4>;
			riscv,pmpregions = <8>;
			status = "okay";
			timebase-frequency = <500000>;
			tlb-split;
			L11: interrupt-controller {
				#interrupt-cells = <1>;
				compatible = "riscv,cpu-intc";
				interrupt-controller;
			};
		};
		L16: cpu@1 {
			clock-frequency = <0>;
			compatible = "sifive,rocket0", "riscv";
			d-cache-block-size = <64>;
			d-cache-sets = <64>;
			d-cache-size = <32768>;
			d-tlb-sets = <1>;
			d-tlb-size = <32>;
			device_type = "cpu";
			hardware-exec-breakpoint-count = <1>;
			i-cache-block-size = <64>;
			i-cache-sets = <64>;
			i-cache-size = <32768>;
			i-tlb-sets = <1>;
			i-tlb-size = <32>;
			mmu-type = "riscv,sv39";
			next-level-cache = <&L10>;
			reg = <0x1>;
			riscv,isa = "rv64imafdcbzicsr_zifencei_zihpm_zfh_zba_zbb_zbs_xrocket";
			riscv,pmpgranularity = <4>;
			riscv,pmpregions = <8>;
			status = "okay";
			timebase-frequency = <500000>;
			tlb-split;
			L14: interrupt-controller {
				#interrupt-cells = <1>;
				compatible = "riscv,cpu-intc";
				interrupt-controller;
			};
		};
	};
	L33: htif {
		compatible = "ucb,htif0";
	};
	L27: memory@8000000 {
		device_type = "memory";
		reg = <0x8000000 0x10000>;
		status = "disabled";
	};
	L24: memory@80000000 {
		device_type = "memory";
		reg = <0x80000000 0x10000000>;
	};
	L1: soc {
		#address-cells = <1>;
		#size-cells = <1>;
		compatible = "ucb-bar,chipyard-soc", "simple-bus";
		ranges;
		L28: boot-address-reg@1000 {
			reg = <0x1000 0x1000>;
			reg-names = "control";
		};
		L10: cache-controller@2010000 {
			cache-block-size = <64>;
			cache-level = <2>;
			cache-sets = <1024>;
			cache-size = <524288>;
			cache-unified;
			compatible = "sifive,inclusivecache0", "cache";
			next-level-cache = <&L24 &L27>;
			reg = <0x2010000 0x1000>;
			reg-names = "control";
			sifive,mshr-count = <7>;
		};
		L7: cbus_clock {
			#clock-cells = <0>;
			clock-frequency = <500000000>;
			clock-output-names = "cbus_clock";
			compatible = "fixed-clock";
		};
		L17: clint@2000000 {
			compatible = "riscv,clint0";
			interrupts-extended = <&L11 3 &L11 7 &L14 3 &L14 7>;
			reg = <0x2000000 0x10000>;
			reg-names = "control";
		};
		L31: clock-gater@100000 {
			reg = <0x100000 0x1000>;
			reg-names = "control";
		};
		L19: debug-controller@0 {
			compatible = "sifive,debug-013", "riscv,debug-013";
			debug-attach = "jtag";
			interrupts-extended = <&L11 65535 &L14 65535>;
			reg = <0x0 0x1000>;
			reg-names = "control";
		};
		L8: error-device@3000 {
			compatible = "sifive,error0";
			reg = <0x3000 0x1000>;
		};
		L6: fbus_clock {
			#clock-cells = <0>;
			clock-frequency = <500000000>;
			clock-output-names = "fbus_clock";
			compatible = "fixed-clock";
		};
		L29: fft-generator@2400 {
			compatible = "cpu";
			reg = <0x2400 0x100>;
			reg-names = "control";
		};
		L18: interrupt-controller@c000000 {
			#interrupt-cells = <1>;
			compatible = "riscv,plic0";
			interrupt-controller;
			interrupts-extended = <&L11 11 &L11 9 &L14 11 &L14 9>;
			reg = <0xc000000 0x4000000>;
			reg-names = "control";
			riscv,max-priority = <1>;
			riscv,ndev = <1>;
		};
		L9: mbus_clock {
			#clock-cells = <0>;
			clock-frequency = <500000000>;
			clock-output-names = "mbus_clock";
			compatible = "fixed-clock";
		};
		L5: pbus_clock {
			#clock-cells = <0>;
			clock-frequency = <500000000>;
			clock-output-names = "pbus_clock";
			compatible = "fixed-clock";
		};
		L26: rom@10000 {
			compatible = "sifive,rom0";
			reg = <0x10000 0x10000>;
			reg-names = "mem";
		};
		L4: sbus_clock {
			#clock-cells = <0>;
			clock-frequency = <500000000>;
			clock-output-names = "sbus_clock";
			compatible = "fixed-clock";
		};
		L30: serial@10020000 {
			clocks = <&L5>;
			compatible = "sifive,uart0";
			interrupt-parent = <&L18>;
			interrupts = <1>;
			reg = <0x10020000 0x1000>;
			reg-names = "control";
		};
		L32: tile-reset-setter@110000 {
			reg = <0x110000 0x1000>;
			reg-names = "control";
		};
	};
};

Generated Address Map
	       0 -     1000 ARWX  debug-controller@0
	    1000 -     2000 ARW   boot-address-reg@1000
	    2400 -     2500 ARW   fft-generator@2400
	    3000 -     4000 ARWX  error-device@3000
	   10000 -    20000  R X  rom@10000
	  100000 -   101000 ARW   clock-gater@100000
	  110000 -   111000 ARW   tile-reset-setter@110000
	 2000000 -  2010000 ARW   clint@2000000
	 2010000 -  2011000 ARW   cache-controller@2010000
	 8000000 -  8010000 ARWXC memory@8000000
	 c000000 - 10000000 ARW   interrupt-controller@c000000
	10020000 - 10021000 ARW   serial@10020000
	80000000 - 90000000 ARWXC memory@80000000

IOCells generated by IOBinders:
  IOBinder for interface sifive.blocks.devices.uart.HasPeripheryUART generated:
    1 X GenericDigitalInIOCell
    1 X GenericDigitalOutIOCell
  IOBinder for interface testchipip.boot.CanHavePeripheryCustomBootPin generated:
    1 X GenericDigitalInIOCell
  IOBinder for interface freechips.rocketchip.devices.debug.HasPeripheryDebug generated:
    4 X GenericDigitalInIOCell
    1 X GenericDigitalOutIOCell
  IOBinder for interface chipyard.clocking.CanHaveClockTap generated:
    1 X GenericDigitalOutIOCell
  IOBinder for interface testchipip.serdes.CanHavePeripheryTLSerial generated:
    35 X GenericDigitalInIOCell
    34 X GenericDigitalOutIOCell

  Total generated 78 IOCells:
    41 X GenericDigitalInIOCell
    37 X GenericDigitalOutIOCell
[31m

!!!!!!!!!!!!!!!!!!!!!!!!!!!!!!!!!!!!!!!!!!!!!!!!!!

WARNING: YOU ARE USING A DEADLOCKING DECOUPLED
SERIAL PHY. THIS SHOULD ONLY BE USED IF YOU ARE
CERTAIN THIS LINK WILL NOT BE HEAVILY LOADED.

USE CreditedSourceSyncSerialPhyParams INSTEAD IF
DEADLOCK-FREEDOM IS NECESSARY.

!!!!!!!!!!!!!!!!!!!!!!!!!!!!!!!!!!!!!!!!!!!!!!!!!!

[0m
Harness binder clock is 100.0
[warn] generators/rocket-chip/src/main/scala/devices/debug/Debug.scala 1127:60: [W002] Dynamic index with width 10 is too large for extractee of width 2
[warn]         hgHartFiring(hg) := hartHaltedWrEn & ~haltedBitRegs(hartSelFuncs.hartIdToHartSel(hartHaltedId)) & (hgParticipateHart(hartSelFuncs.hartIdToHartSel(hartHaltedId)) === hg.U)
[warn]                                                            ^
[warn] generators/rocket-chip/src/main/scala/devices/debug/Debug.scala 1127:125: [W004] Dynamic index with width 10 is too wide for Vec of size 2 (expected index width 1).
[warn]         hgHartFiring(hg) := hartHaltedWrEn & ~haltedBitRegs(hartSelFuncs.hartIdToHartSel(hartHaltedId)) & (hgParticipateHart(hartSelFuncs.hartIdToHartSel(hartHaltedId)) === hg.U)
[warn]                                                                                                                             ^
[warn] generators/fft-generator/src/main/scala/Deserialize.scala 104:25: [W004] Dynamic index with width 4 is too wide for Vec of size 8 (expected index width 3).
[warn]           serializedBits(nCounter) := io.in.bits
[warn]                         ^
[warn] generators/fft-generator/src/main/scala/FFT.scala 75:38: [W004] Dynamic index with width 2 is too wide for Vec of size 2 (expected index width 1).
[warn]        val false_branch = twiddle_rom(indices_rom(start+x.U)).asTypeOf(genTwiddle)
[warn]                                      ^
[warn] There were 4 warning(s) during hardware elaboration.
echo "$mfc_extra_anno_contents" > ${CHIPYARD_ROOT}/sims/verilator/generated-src/chipyard.harness.TestHarness.DualRocketFFTConfig/chipyard.harness.TestHarness.DualRocketFFTConfig.extrafirtool.anno.json
jq -s '[.[][]]' ${CHIPYARD_ROOT}/sims/verilator/generated-src/chipyard.harness.TestHarness.DualRocketFFTConfig/chipyard.harness.TestHarness.DualRocketFFTConfig.anno.json ${CHIPYARD_ROOT}/sims/verilator/generated-src/chipyard.harness.TestHarness.DualRocketFFTConfig/chipyard.harness.TestHarness.DualRocketFFTConfig.extrafirtool.anno.json > ${CHIPYARD_ROOT}/sims/verilator/generated-src/chipyard.harness.TestHarness.DualRocketFFTConfig/chipyard.harness.TestHarness.DualRocketFFTConfig.appended.anno.json
rm -rf ${CHIPYARD_ROOT}/sims/verilator/generated-src/chipyard.harness.TestHarness.DualRocketFFTConfig/gen-collateral
(set -o pipefail && firtool \
		--format=fir \
		--export-module-hierarchy \
		--verify-each=true \
		--warn-on-unprocessed-annotations \
		--disable-annotation-classless \
		--disable-annotation-unknown \
		--mlir-timing \
		--lowering-options=emittedLineLength=2048,noAlwaysComb,disallowLocalVariables,verifLabels,disallowPortDeclSharing,locationInfoStyle=wrapInAtSquareBracket \
		--repl-seq-mem \
		--repl-seq-mem-file=${CHIPYARD_ROOT}/sims/verilator/generated-src/chipyard.harness.TestHarness.DualRocketFFTConfig/chipyard.harness.TestHarness.DualRocketFFTConfig.mems.conf \
		--annotation-file=${CHIPYARD_ROOT}/sims/verilator/generated-src/chipyard.harness.TestHarness.DualRocketFFTConfig/chipyard.harness.TestHarness.DualRocketFFTConfig.appended.anno.json \
		--split-verilog \
		 \
		-o ${CHIPYARD_ROOT}/sims/verilator/generated-src/chipyard.harness.TestHarness.DualRocketFFTConfig/gen-collateral \
		${CHIPYARD_ROOT}/sims/verilator/generated-src/chipyard.harness.TestHarness.DualRocketFFTConfig/chipyard.harness.TestHarness.DualRocketFFTConfig.fir |& tee ${CHIPYARD_ROOT}/sims/verilator/generated-src/chipyard.harness.TestHarness.DualRocketFFTConfig/chipyard.harness.TestHarness.DualRocketFFTConfig.firtool.log)
generators/rocket-chip/src/main/scala/tilelink/Monitor.scala:35:7: warning: module contains 114 printf-encoded verification operation(s), which are deprecated and will be removed in the future
generators/rocket-chip/src/main/scala/tilelink/Monitor.scala:44:11: note: example printf here, will just be a printf in the future
generators/rocket-chip/src/main/scala/tilelink/Monitor.scala:35:7: note: For more information, see https://github.com/llvm/circt/issues/6970
generators/rocket-chip/src/main/scala/tilelink/Monitor.scala:35:7: warning: module contains 210 printf-encoded verification operation(s), which are deprecated and will be removed in the future
generators/rocket-chip/src/main/scala/tilelink/Monitor.scala:44:11: note: example printf here, will just be a printf in the future
generators/rocket-chip/src/main/scala/tilelink/Monitor.scala:35:7: note: For more information, see https://github.com/llvm/circt/issues/6970
generators/rocket-chip/src/main/scala/tilelink/Monitor.scala:35:7: warning: module contains 210 printf-encoded verification operation(s), which are deprecated and will be removed in the future
generators/rocket-chip/src/main/scala/tilelink/Monitor.scala:44:11: note: example printf here, will just be a printf in the future
generators/rocket-chip/src/main/scala/tilelink/Monitor.scala:35:7: note: For more information, see https://github.com/llvm/circt/issues/6970
generators/rocket-chip/src/main/scala/tilelink/Xbar.scala:74:9: warning: module contains 21 printf-encoded verification operation(s), which are deprecated and will be removed in the future
generators/rocket-chip/src/main/scala/tilelink/Arbiter.scala:22:12: note: example printf here, will just be a printf in the future
generators/rocket-chip/src/main/scala/tilelink/Xbar.scala:74:9: note: For more information, see https://github.com/llvm/circt/issues/6970
generators/rocket-chip/src/main/scala/tilelink/Monitor.scala:35:7: warning: module contains 112 printf-encoded verification operation(s), which are deprecated and will be removed in the future
generators/rocket-chip/src/main/scala/tilelink/Monitor.scala:44:11: note: example printf here, will just be a printf in the future
generators/rocket-chip/src/main/scala/tilelink/Monitor.scala:35:7: note: For more information, see https://github.com/llvm/circt/issues/6970
generators/rocket-chip/src/main/scala/tilelink/Xbar.scala:74:9: warning: module contains 3 printf-encoded verification operation(s), which are deprecated and will be removed in the future
generators/rocket-chip/src/main/scala/tilelink/Arbiter.scala:22:12: note: example printf here, will just be a printf in the future
generators/rocket-chip/src/main/scala/tilelink/Xbar.scala:74:9: note: For more information, see https://github.com/llvm/circt/issues/6970
generators/rocket-chip/src/main/scala/tilelink/Monitor.scala:35:7: warning: module contains 114 printf-encoded verification operation(s), which are deprecated and will be removed in the future
generators/rocket-chip/src/main/scala/tilelink/Monitor.scala:44:11: note: example printf here, will just be a printf in the future
generators/rocket-chip/src/main/scala/tilelink/Monitor.scala:35:7: note: For more information, see https://github.com/llvm/circt/issues/6970
generators/rocket-chip/src/main/scala/tilelink/Monitor.scala:35:7: warning: module contains 114 printf-encoded verification operation(s), which are deprecated and will be removed in the future
generators/rocket-chip/src/main/scala/tilelink/Monitor.scala:44:11: note: example printf here, will just be a printf in the future
generators/rocket-chip/src/main/scala/tilelink/Monitor.scala:35:7: note: For more information, see https://github.com/llvm/circt/issues/6970
generators/rocket-chip/src/main/scala/tilelink/AtomicAutomata.scala:36:9: warning: module contains 2 printf-encoded verification operation(s), which are deprecated and will be removed in the future
generators/rocket-chip/src/main/scala/tilelink/Arbiter.scala:77:13: note: example printf here, will just be a printf in the future
generators/rocket-chip/src/main/scala/tilelink/AtomicAutomata.scala:36:9: note: For more information, see https://github.com/llvm/circt/issues/6970
generators/rocket-chip/src/main/scala/tilelink/Monitor.scala:35:7: warning: module contains 114 printf-encoded verification operation(s), which are deprecated and will be removed in the future
generators/rocket-chip/src/main/scala/tilelink/Monitor.scala:44:11: note: example printf here, will just be a printf in the future
generators/rocket-chip/src/main/scala/tilelink/Monitor.scala:35:7: note: For more information, see https://github.com/llvm/circt/issues/6970
generators/rocket-chip/src/main/scala/tilelink/Monitor.scala:35:7: warning: module contains 112 printf-encoded verification operation(s), which are deprecated and will be removed in the future
generators/rocket-chip/src/main/scala/tilelink/Monitor.scala:44:11: note: example printf here, will just be a printf in the future
generators/rocket-chip/src/main/scala/tilelink/Monitor.scala:35:7: note: For more information, see https://github.com/llvm/circt/issues/6970
generators/rocket-chip/src/main/scala/tilelink/Fragmenter.scala:92:9: warning: module contains 3 printf-encoded verification operation(s), which are deprecated and will be removed in the future
generators/rocket-chip/src/main/scala/tilelink/Fragmenter.scala:214:16: note: example printf here, will just be a printf in the future
generators/rocket-chip/src/main/scala/tilelink/Fragmenter.scala:92:9: note: For more information, see https://github.com/llvm/circt/issues/6970
generators/rocket-chip/src/main/scala/tilelink/Monitor.scala:35:7: warning: module contains 112 printf-encoded verification operation(s), which are deprecated and will be removed in the future
generators/rocket-chip/src/main/scala/tilelink/Monitor.scala:44:11: note: example printf here, will just be a printf in the future
generators/rocket-chip/src/main/scala/tilelink/Monitor.scala:35:7: note: For more information, see https://github.com/llvm/circt/issues/6970
generators/rocket-chip/src/main/scala/tilelink/Fragmenter.scala:92:9: warning: module contains 3 printf-encoded verification operation(s), which are deprecated and will be removed in the future
generators/rocket-chip/src/main/scala/tilelink/Fragmenter.scala:214:16: note: example printf here, will just be a printf in the future
generators/rocket-chip/src/main/scala/tilelink/Fragmenter.scala:92:9: note: For more information, see https://github.com/llvm/circt/issues/6970
generators/rocket-chip/src/main/scala/tilelink/Monitor.scala:35:7: warning: module contains 112 printf-encoded verification operation(s), which are deprecated and will be removed in the future
generators/rocket-chip/src/main/scala/tilelink/Monitor.scala:44:11: note: example printf here, will just be a printf in the future
generators/rocket-chip/src/main/scala/tilelink/Monitor.scala:35:7: note: For more information, see https://github.com/llvm/circt/issues/6970
generators/rocket-chip/src/main/scala/tilelink/Monitor.scala:35:7: warning: module contains 114 printf-encoded verification operation(s), which are deprecated and will be removed in the future
generators/rocket-chip/src/main/scala/tilelink/Monitor.scala:44:11: note: example printf here, will just be a printf in the future
generators/rocket-chip/src/main/scala/tilelink/Monitor.scala:35:7: note: For more information, see https://github.com/llvm/circt/issues/6970
generators/rocket-chip/src/main/scala/tilelink/Monitor.scala:35:7: warning: module contains 114 printf-encoded verification operation(s), which are deprecated and will be removed in the future
generators/rocket-chip/src/main/scala/tilelink/Monitor.scala:44:11: note: example printf here, will just be a printf in the future
generators/rocket-chip/src/main/scala/tilelink/Monitor.scala:35:7: note: For more information, see https://github.com/llvm/circt/issues/6970
generators/rocket-chip/src/main/scala/tilelink/Xbar.scala:74:9: warning: module contains 3 printf-encoded verification operation(s), which are deprecated and will be removed in the future
generators/rocket-chip/src/main/scala/tilelink/Arbiter.scala:22:12: note: example printf here, will just be a printf in the future
generators/rocket-chip/src/main/scala/tilelink/Xbar.scala:74:9: note: For more information, see https://github.com/llvm/circt/issues/6970
generators/rocket-chip/src/main/scala/tilelink/Monitor.scala:35:7: warning: module contains 114 printf-encoded verification operation(s), which are deprecated and will be removed in the future
generators/rocket-chip/src/main/scala/tilelink/Monitor.scala:44:11: note: example printf here, will just be a printf in the future
generators/rocket-chip/src/main/scala/tilelink/Monitor.scala:35:7: note: For more information, see https://github.com/llvm/circt/issues/6970
generators/rocket-chip/src/main/scala/tilelink/Monitor.scala:35:7: warning: module contains 114 printf-encoded verification operation(s), which are deprecated and will be removed in the future
generators/rocket-chip/src/main/scala/tilelink/Monitor.scala:44:11: note: example printf here, will just be a printf in the future
generators/rocket-chip/src/main/scala/tilelink/Monitor.scala:35:7: note: For more information, see https://github.com/llvm/circt/issues/6970
generators/rocket-chip/src/main/scala/tilelink/Monitor.scala:35:7: warning: module contains 114 printf-encoded verification operation(s), which are deprecated and will be removed in the future
generators/rocket-chip/src/main/scala/tilelink/Monitor.scala:44:11: note: example printf here, will just be a printf in the future
generators/rocket-chip/src/main/scala/tilelink/Monitor.scala:35:7: note: For more information, see https://github.com/llvm/circt/issues/6970
generators/rocket-chip/src/main/scala/tilelink/Monitor.scala:35:7: warning: module contains 114 printf-encoded verification operation(s), which are deprecated and will be removed in the future
generators/rocket-chip/src/main/scala/tilelink/Monitor.scala:44:11: note: example printf here, will just be a printf in the future
generators/rocket-chip/src/main/scala/tilelink/Monitor.scala:35:7: note: For more information, see https://github.com/llvm/circt/issues/6970
generators/rocket-chip/src/main/scala/tilelink/Monitor.scala:35:7: warning: module contains 114 printf-encoded verification operation(s), which are deprecated and will be removed in the future
generators/rocket-chip/src/main/scala/tilelink/Monitor.scala:44:11: note: example printf here, will just be a printf in the future
generators/rocket-chip/src/main/scala/tilelink/Monitor.scala:35:7: note: For more information, see https://github.com/llvm/circt/issues/6970
generators/rocket-chip/src/main/scala/tilelink/Xbar.scala:74:9: warning: module contains 3 printf-encoded verification operation(s), which are deprecated and will be removed in the future
generators/rocket-chip/src/main/scala/tilelink/Arbiter.scala:22:12: note: example printf here, will just be a printf in the future
generators/rocket-chip/src/main/scala/tilelink/Xbar.scala:74:9: note: For more information, see https://github.com/llvm/circt/issues/6970
generators/rocket-chip/src/main/scala/tilelink/Monitor.scala:35:7: warning: module contains 112 printf-encoded verification operation(s), which are deprecated and will be removed in the future
generators/rocket-chip/src/main/scala/tilelink/Monitor.scala:44:11: note: example printf here, will just be a printf in the future
generators/rocket-chip/src/main/scala/tilelink/Monitor.scala:35:7: note: For more information, see https://github.com/llvm/circt/issues/6970
generators/rocket-chip/src/main/scala/tilelink/Xbar.scala:74:9: warning: module contains 3 printf-encoded verification operation(s), which are deprecated and will be removed in the future
generators/rocket-chip/src/main/scala/tilelink/Arbiter.scala:22:12: note: example printf here, will just be a printf in the future
generators/rocket-chip/src/main/scala/tilelink/Xbar.scala:74:9: note: For more information, see https://github.com/llvm/circt/issues/6970
generators/rocket-chip/src/main/scala/tilelink/Monitor.scala:35:7: warning: module contains 114 printf-encoded verification operation(s), which are deprecated and will be removed in the future
generators/rocket-chip/src/main/scala/tilelink/Monitor.scala:44:11: note: example printf here, will just be a printf in the future
generators/rocket-chip/src/main/scala/tilelink/Monitor.scala:35:7: note: For more information, see https://github.com/llvm/circt/issues/6970
generators/rocket-chip/src/main/scala/tilelink/Monitor.scala:35:7: warning: module contains 114 printf-encoded verification operation(s), which are deprecated and will be removed in the future
generators/rocket-chip/src/main/scala/tilelink/Monitor.scala:44:11: note: example printf here, will just be a printf in the future
generators/rocket-chip/src/main/scala/tilelink/Monitor.scala:35:7: note: For more information, see https://github.com/llvm/circt/issues/6970
generators/rocket-chip/src/main/scala/tilelink/AtomicAutomata.scala:36:9: warning: module contains 2 printf-encoded verification operation(s), which are deprecated and will be removed in the future
generators/rocket-chip/src/main/scala/tilelink/Arbiter.scala:77:13: note: example printf here, will just be a printf in the future
generators/rocket-chip/src/main/scala/tilelink/AtomicAutomata.scala:36:9: note: For more information, see https://github.com/llvm/circt/issues/6970
generators/rocket-chip/src/main/scala/tilelink/Monitor.scala:35:7: warning: module contains 114 printf-encoded verification operation(s), which are deprecated and will be removed in the future
generators/rocket-chip/src/main/scala/tilelink/Monitor.scala:44:11: note: example printf here, will just be a printf in the future
generators/rocket-chip/src/main/scala/tilelink/Monitor.scala:35:7: note: For more information, see https://github.com/llvm/circt/issues/6970
generators/rocket-chip/src/main/scala/devices/tilelink/Error.scala:21:9: warning: module contains 1 printf-encoded verification operation(s), which are deprecated and will be removed in the future
generators/rocket-chip/src/main/scala/devices/tilelink/Error.scala:34:12: note: example printf here, will just be a printf in the future
generators/rocket-chip/src/main/scala/devices/tilelink/Error.scala:21:9: note: For more information, see https://github.com/llvm/circt/issues/6970
generators/rocket-chip/src/main/scala/tilelink/Monitor.scala:35:7: warning: module contains 114 printf-encoded verification operation(s), which are deprecated and will be removed in the future
generators/rocket-chip/src/main/scala/tilelink/Monitor.scala:44:11: note: example printf here, will just be a printf in the future
generators/rocket-chip/src/main/scala/tilelink/Monitor.scala:35:7: note: For more information, see https://github.com/llvm/circt/issues/6970
generators/rocket-chip/src/main/scala/tilelink/Monitor.scala:35:7: warning: module contains 114 printf-encoded verification operation(s), which are deprecated and will be removed in the future
generators/rocket-chip/src/main/scala/tilelink/Monitor.scala:44:11: note: example printf here, will just be a printf in the future
generators/rocket-chip/src/main/scala/tilelink/Monitor.scala:35:7: note: For more information, see https://github.com/llvm/circt/issues/6970
generators/rocket-chip/src/main/scala/tilelink/Monitor.scala:35:7: warning: module contains 114 printf-encoded verification operation(s), which are deprecated and will be removed in the future
generators/rocket-chip/src/main/scala/tilelink/Monitor.scala:44:11: note: example printf here, will just be a printf in the future
generators/rocket-chip/src/main/scala/tilelink/Monitor.scala:35:7: note: For more information, see https://github.com/llvm/circt/issues/6970
generators/rocket-chip/src/main/scala/tilelink/Fragmenter.scala:92:9: warning: module contains 3 printf-encoded verification operation(s), which are deprecated and will be removed in the future
generators/rocket-chip/src/main/scala/tilelink/Fragmenter.scala:214:16: note: example printf here, will just be a printf in the future
generators/rocket-chip/src/main/scala/tilelink/Fragmenter.scala:92:9: note: For more information, see https://github.com/llvm/circt/issues/6970
generators/rocket-chip/src/main/scala/tilelink/Monitor.scala:35:7: warning: module contains 112 printf-encoded verification operation(s), which are deprecated and will be removed in the future
generators/rocket-chip/src/main/scala/tilelink/Monitor.scala:44:11: note: example printf here, will just be a printf in the future
generators/rocket-chip/src/main/scala/tilelink/Monitor.scala:35:7: note: For more information, see https://github.com/llvm/circt/issues/6970
generators/rocket-chip/src/main/scala/tilelink/Fragmenter.scala:92:9: warning: module contains 3 printf-encoded verification operation(s), which are deprecated and will be removed in the future
generators/rocket-chip/src/main/scala/tilelink/Fragmenter.scala:214:16: note: example printf here, will just be a printf in the future
generators/rocket-chip/src/main/scala/tilelink/Fragmenter.scala:92:9: note: For more information, see https://github.com/llvm/circt/issues/6970
generators/rocket-chip/src/main/scala/tilelink/Monitor.scala:35:7: warning: module contains 114 printf-encoded verification operation(s), which are deprecated and will be removed in the future
generators/rocket-chip/src/main/scala/tilelink/Monitor.scala:44:11: note: example printf here, will just be a printf in the future
generators/rocket-chip/src/main/scala/tilelink/Monitor.scala:35:7: note: For more information, see https://github.com/llvm/circt/issues/6970
generators/rocket-chip/src/main/scala/tilelink/Fragmenter.scala:92:9: warning: module contains 3 printf-encoded verification operation(s), which are deprecated and will be removed in the future
generators/rocket-chip/src/main/scala/tilelink/Fragmenter.scala:214:16: note: example printf here, will just be a printf in the future
generators/rocket-chip/src/main/scala/tilelink/Fragmenter.scala:92:9: note: For more information, see https://github.com/llvm/circt/issues/6970
generators/rocket-chip/src/main/scala/tilelink/Monitor.scala:35:7: warning: module contains 112 printf-encoded verification operation(s), which are deprecated and will be removed in the future
generators/rocket-chip/src/main/scala/tilelink/Monitor.scala:44:11: note: example printf here, will just be a printf in the future
generators/rocket-chip/src/main/scala/tilelink/Monitor.scala:35:7: note: For more information, see https://github.com/llvm/circt/issues/6970
generators/rocket-chip/src/main/scala/tilelink/Fragmenter.scala:92:9: warning: module contains 3 printf-encoded verification operation(s), which are deprecated and will be removed in the future
generators/rocket-chip/src/main/scala/tilelink/Fragmenter.scala:214:16: note: example printf here, will just be a printf in the future
generators/rocket-chip/src/main/scala/tilelink/Fragmenter.scala:92:9: note: For more information, see https://github.com/llvm/circt/issues/6970
generators/rocket-chip/src/main/scala/tilelink/Monitor.scala:35:7: warning: module contains 112 printf-encoded verification operation(s), which are deprecated and will be removed in the future
generators/rocket-chip/src/main/scala/tilelink/Monitor.scala:44:11: note: example printf here, will just be a printf in the future
generators/rocket-chip/src/main/scala/tilelink/Monitor.scala:35:7: note: For more information, see https://github.com/llvm/circt/issues/6970
generators/rocket-chip/src/main/scala/tilelink/Fragmenter.scala:92:9: warning: module contains 3 printf-encoded verification operation(s), which are deprecated and will be removed in the future
generators/rocket-chip/src/main/scala/tilelink/Fragmenter.scala:214:16: note: example printf here, will just be a printf in the future
generators/rocket-chip/src/main/scala/tilelink/Fragmenter.scala:92:9: note: For more information, see https://github.com/llvm/circt/issues/6970
generators/rocket-chip/src/main/scala/tilelink/Monitor.scala:35:7: warning: module contains 114 printf-encoded verification operation(s), which are deprecated and will be removed in the future
generators/rocket-chip/src/main/scala/tilelink/Monitor.scala:44:11: note: example printf here, will just be a printf in the future
generators/rocket-chip/src/main/scala/tilelink/Monitor.scala:35:7: note: For more information, see https://github.com/llvm/circt/issues/6970
generators/rocket-chip/src/main/scala/tilelink/Monitor.scala:35:7: warning: module contains 114 printf-encoded verification operation(s), which are deprecated and will be removed in the future
generators/rocket-chip/src/main/scala/tilelink/Monitor.scala:44:11: note: example printf here, will just be a printf in the future
generators/rocket-chip/src/main/scala/tilelink/Monitor.scala:35:7: note: For more information, see https://github.com/llvm/circt/issues/6970
generators/rocket-chip/src/main/scala/tilelink/Xbar.scala:74:9: warning: module contains 3 printf-encoded verification operation(s), which are deprecated and will be removed in the future
generators/rocket-chip/src/main/scala/tilelink/Arbiter.scala:22:12: note: example printf here, will just be a printf in the future
generators/rocket-chip/src/main/scala/tilelink/Xbar.scala:74:9: note: For more information, see https://github.com/llvm/circt/issues/6970
generators/rocket-chip/src/main/scala/tilelink/Monitor.scala:35:7: warning: module contains 114 printf-encoded verification operation(s), which are deprecated and will be removed in the future
generators/rocket-chip/src/main/scala/tilelink/Monitor.scala:44:11: note: example printf here, will just be a printf in the future
generators/rocket-chip/src/main/scala/tilelink/Monitor.scala:35:7: note: For more information, see https://github.com/llvm/circt/issues/6970
generators/rocket-chip/src/main/scala/tilelink/Monitor.scala:35:7: warning: module contains 114 printf-encoded verification operation(s), which are deprecated and will be removed in the future
generators/rocket-chip/src/main/scala/tilelink/Monitor.scala:44:11: note: example printf here, will just be a printf in the future
generators/rocket-chip/src/main/scala/tilelink/Monitor.scala:35:7: note: For more information, see https://github.com/llvm/circt/issues/6970
generators/rocket-chip/src/main/scala/amba/axi4/UserYanker.scala:36:9: warning: module contains 2 printf-encoded verification operation(s), which are deprecated and will be removed in the future
generators/rocket-chip/src/main/scala/amba/axi4/UserYanker.scala:69:14: note: example printf here, will just be a printf in the future
generators/rocket-chip/src/main/scala/amba/axi4/UserYanker.scala:36:9: note: For more information, see https://github.com/llvm/circt/issues/6970
generators/rocket-chip/src/main/scala/tilelink/Monitor.scala:35:7: warning: module contains 114 printf-encoded verification operation(s), which are deprecated and will be removed in the future
generators/rocket-chip/src/main/scala/tilelink/Monitor.scala:44:11: note: example printf here, will just be a printf in the future
generators/rocket-chip/src/main/scala/tilelink/Monitor.scala:35:7: note: For more information, see https://github.com/llvm/circt/issues/6970
generators/rocket-chip/src/main/scala/tilelink/ToAXI4.scala:103:9: warning: module contains 20 printf-encoded verification operation(s), which are deprecated and will be removed in the future
generators/rocket-chip/src/main/scala/tilelink/ToAXI4.scala:280:16: note: example printf here, will just be a printf in the future
generators/rocket-chip/src/main/scala/tilelink/ToAXI4.scala:103:9: note: For more information, see https://github.com/llvm/circt/issues/6970
generators/rocket-chip/src/main/scala/tilelink/Monitor.scala:35:7: warning: module contains 114 printf-encoded verification operation(s), which are deprecated and will be removed in the future
generators/rocket-chip/src/main/scala/tilelink/Monitor.scala:44:11: note: example printf here, will just be a printf in the future
generators/rocket-chip/src/main/scala/tilelink/Monitor.scala:35:7: note: For more information, see https://github.com/llvm/circt/issues/6970
generators/rocket-chip/src/main/scala/tilelink/Monitor.scala:35:7: warning: module contains 114 printf-encoded verification operation(s), which are deprecated and will be removed in the future
generators/rocket-chip/src/main/scala/tilelink/Monitor.scala:44:11: note: example printf here, will just be a printf in the future
generators/rocket-chip/src/main/scala/tilelink/Monitor.scala:35:7: note: For more information, see https://github.com/llvm/circt/issues/6970
generators/rocket-chip/src/main/scala/tilelink/Monitor.scala:35:7: warning: module contains 210 printf-encoded verification operation(s), which are deprecated and will be removed in the future
generators/rocket-chip/src/main/scala/tilelink/Monitor.scala:44:11: note: example printf here, will just be a printf in the future
generators/rocket-chip/src/main/scala/tilelink/Monitor.scala:35:7: note: For more information, see https://github.com/llvm/circt/issues/6970
generators/rocket-chip-inclusive-cache/design/craft/inclusivecache/src/SourceA.scala:33:7: warning: module contains 3 printf-encoded verification operation(s), which are deprecated and will be removed in the future
generators/rocket-chip-inclusive-cache/design/craft/inclusivecache/src/Parameters.scala:222:12: note: example printf here, will just be a printf in the future
generators/rocket-chip-inclusive-cache/design/craft/inclusivecache/src/SourceA.scala:33:7: note: For more information, see https://github.com/llvm/circt/issues/6970
generators/rocket-chip-inclusive-cache/design/craft/inclusivecache/src/SourceB.scala:33:7: warning: module contains 4 printf-encoded verification operation(s), which are deprecated and will be removed in the future
generators/rocket-chip-inclusive-cache/design/craft/inclusivecache/src/SourceB.scala:59:12: note: example printf here, will just be a printf in the future
generators/rocket-chip-inclusive-cache/design/craft/inclusivecache/src/SourceB.scala:33:7: note: For more information, see https://github.com/llvm/circt/issues/6970
generators/rocket-chip-inclusive-cache/design/craft/inclusivecache/src/SourceC.scala:35:7: warning: module contains 5 printf-encoded verification operation(s), which are deprecated and will be removed in the future
generators/rocket-chip-inclusive-cache/design/craft/inclusivecache/src/SourceC.scala:64:10: note: example printf here, will just be a printf in the future
generators/rocket-chip-inclusive-cache/design/craft/inclusivecache/src/SourceC.scala:35:7: note: For more information, see https://github.com/llvm/circt/issues/6970
generators/rocket-chip-inclusive-cache/design/craft/inclusivecache/src/SourceD.scala:48:7: warning: module contains 3 printf-encoded verification operation(s), which are deprecated and will be removed in the future
generators/rocket-chip-inclusive-cache/design/craft/inclusivecache/src/SourceD.scala:123:10: note: example printf here, will just be a printf in the future
generators/rocket-chip-inclusive-cache/design/craft/inclusivecache/src/SourceD.scala:48:7: note: For more information, see https://github.com/llvm/circt/issues/6970
generators/rocket-chip-inclusive-cache/design/craft/inclusivecache/src/ListBuffer.scala:36:7: warning: module contains 1 printf-encoded verification operation(s), which are deprecated and will be removed in the future
generators/rocket-chip-inclusive-cache/design/craft/inclusivecache/src/ListBuffer.scala:86:10: note: example printf here, will just be a printf in the future
generators/rocket-chip-inclusive-cache/design/craft/inclusivecache/src/ListBuffer.scala:36:7: note: For more information, see https://github.com/llvm/circt/issues/6970
generators/rocket-chip-inclusive-cache/design/craft/inclusivecache/src/ListBuffer.scala:36:7: warning: module contains 1 printf-encoded verification operation(s), which are deprecated and will be removed in the future
generators/rocket-chip-inclusive-cache/design/craft/inclusivecache/src/ListBuffer.scala:86:10: note: example printf here, will just be a printf in the future
generators/rocket-chip-inclusive-cache/design/craft/inclusivecache/src/ListBuffer.scala:36:7: note: For more information, see https://github.com/llvm/circt/issues/6970
generators/rocket-chip-inclusive-cache/design/craft/inclusivecache/src/SinkC.scala:41:7: warning: module contains 1 printf-encoded verification operation(s), which are deprecated and will be removed in the future
generators/rocket-chip-inclusive-cache/design/craft/inclusivecache/src/SinkC.scala:90:12: note: example printf here, will just be a printf in the future
generators/rocket-chip-inclusive-cache/design/craft/inclusivecache/src/SinkC.scala:41:7: note: For more information, see https://github.com/llvm/circt/issues/6970
generators/rocket-chip-inclusive-cache/design/craft/inclusivecache/src/SinkD.scala:34:7: warning: module contains 1 printf-encoded verification operation(s), which are deprecated and will be removed in the future
generators/rocket-chip-inclusive-cache/design/craft/inclusivecache/src/SinkD.scala:82:10: note: example printf here, will just be a printf in the future
generators/rocket-chip-inclusive-cache/design/craft/inclusivecache/src/SinkD.scala:34:7: note: For more information, see https://github.com/llvm/circt/issues/6970
generators/rocket-chip-inclusive-cache/design/craft/inclusivecache/src/Directory.scala:56:7: warning: module contains 5 printf-encoded verification operation(s), which are deprecated and will be removed in the future
generators/rocket-chip-inclusive-cache/design/craft/inclusivecache/src/Directory.scala:86:10: note: example printf here, will just be a printf in the future
generators/rocket-chip-inclusive-cache/design/craft/inclusivecache/src/Directory.scala:56:7: note: For more information, see https://github.com/llvm/circt/issues/6970
generators/rocket-chip-inclusive-cache/design/craft/inclusivecache/src/ListBuffer.scala:36:7: warning: module contains 1 printf-encoded verification operation(s), which are deprecated and will be removed in the future
generators/rocket-chip-inclusive-cache/design/craft/inclusivecache/src/ListBuffer.scala:86:10: note: example printf here, will just be a printf in the future
generators/rocket-chip-inclusive-cache/design/craft/inclusivecache/src/ListBuffer.scala:36:7: note: For more information, see https://github.com/llvm/circt/issues/6970
generators/rocket-chip-inclusive-cache/design/craft/inclusivecache/src/MSHR.scala:84:7: warning: module contains 70 printf-encoded verification operation(s), which are deprecated and will be removed in the future
generators/rocket-chip-inclusive-cache/design/craft/inclusivecache/src/MSHR.scala:105:14: note: example printf here, will just be a printf in the future
generators/rocket-chip-inclusive-cache/design/craft/inclusivecache/src/MSHR.scala:84:7: note: For more information, see https://github.com/llvm/circt/issues/6970
generators/rocket-chip-inclusive-cache/design/craft/inclusivecache/src/MSHR.scala:84:7: warning: module contains 70 printf-encoded verification operation(s), which are deprecated and will be removed in the future
generators/rocket-chip-inclusive-cache/design/craft/inclusivecache/src/MSHR.scala:105:14: note: example printf here, will just be a printf in the future
generators/rocket-chip-inclusive-cache/design/craft/inclusivecache/src/MSHR.scala:84:7: note: For more information, see https://github.com/llvm/circt/issues/6970
generators/rocket-chip-inclusive-cache/design/craft/inclusivecache/src/MSHR.scala:84:7: warning: module contains 70 printf-encoded verification operation(s), which are deprecated and will be removed in the future
generators/rocket-chip-inclusive-cache/design/craft/inclusivecache/src/MSHR.scala:105:14: note: example printf here, will just be a printf in the future
generators/rocket-chip-inclusive-cache/design/craft/inclusivecache/src/MSHR.scala:84:7: note: For more information, see https://github.com/llvm/circt/issues/6970
generators/rocket-chip-inclusive-cache/design/craft/inclusivecache/src/MSHR.scala:84:7: warning: module contains 70 printf-encoded verification operation(s), which are deprecated and will be removed in the future
generators/rocket-chip-inclusive-cache/design/craft/inclusivecache/src/MSHR.scala:105:14: note: example printf here, will just be a printf in the future
generators/rocket-chip-inclusive-cache/design/craft/inclusivecache/src/MSHR.scala:84:7: note: For more information, see https://github.com/llvm/circt/issues/6970
generators/rocket-chip-inclusive-cache/design/craft/inclusivecache/src/MSHR.scala:84:7: warning: module contains 70 printf-encoded verification operation(s), which are deprecated and will be removed in the future
generators/rocket-chip-inclusive-cache/design/craft/inclusivecache/src/MSHR.scala:105:14: note: example printf here, will just be a printf in the future
generators/rocket-chip-inclusive-cache/design/craft/inclusivecache/src/MSHR.scala:84:7: note: For more information, see https://github.com/llvm/circt/issues/6970
generators/rocket-chip-inclusive-cache/design/craft/inclusivecache/src/MSHR.scala:84:7: warning: module contains 70 printf-encoded verification operation(s), which are deprecated and will be removed in the future
generators/rocket-chip-inclusive-cache/design/craft/inclusivecache/src/MSHR.scala:105:14: note: example printf here, will just be a printf in the future
generators/rocket-chip-inclusive-cache/design/craft/inclusivecache/src/MSHR.scala:84:7: note: For more information, see https://github.com/llvm/circt/issues/6970
generators/rocket-chip-inclusive-cache/design/craft/inclusivecache/src/MSHR.scala:84:7: warning: module contains 70 printf-encoded verification operation(s), which are deprecated and will be removed in the future
generators/rocket-chip-inclusive-cache/design/craft/inclusivecache/src/MSHR.scala:105:14: note: example printf here, will just be a printf in the future
generators/rocket-chip-inclusive-cache/design/craft/inclusivecache/src/MSHR.scala:84:7: note: For more information, see https://github.com/llvm/circt/issues/6970
generators/rocket-chip-inclusive-cache/design/craft/inclusivecache/src/Scheduler.scala:27:7: warning: module contains 3 printf-encoded verification operation(s), which are deprecated and will be removed in the future
generators/rocket-chip-inclusive-cache/design/craft/inclusivecache/src/Scheduler.scala:291:12: note: example printf here, will just be a printf in the future
generators/rocket-chip-inclusive-cache/design/craft/inclusivecache/src/Scheduler.scala:27:7: note: For more information, see https://github.com/llvm/circt/issues/6970
generators/rocket-chip/src/main/scala/tilelink/Monitor.scala:35:7: warning: module contains 210 printf-encoded verification operation(s), which are deprecated and will be removed in the future
generators/rocket-chip/src/main/scala/tilelink/Monitor.scala:44:11: note: example printf here, will just be a printf in the future
generators/rocket-chip/src/main/scala/tilelink/Monitor.scala:35:7: note: For more information, see https://github.com/llvm/circt/issues/6970
generators/rocket-chip/src/main/scala/tilelink/Monitor.scala:35:7: warning: module contains 210 printf-encoded verification operation(s), which are deprecated and will be removed in the future
generators/rocket-chip/src/main/scala/tilelink/Monitor.scala:44:11: note: example printf here, will just be a printf in the future
generators/rocket-chip/src/main/scala/tilelink/Monitor.scala:35:7: note: For more information, see https://github.com/llvm/circt/issues/6970
generators/rocket-chip/src/main/scala/util/IDPool.scala:8:7: warning: module contains 3 printf-encoded verification operation(s), which are deprecated and will be removed in the future
generators/rocket-chip/src/main/scala/util/IDPool.scala:44:10: note: example printf here, will just be a printf in the future
generators/rocket-chip/src/main/scala/util/IDPool.scala:8:7: note: For more information, see https://github.com/llvm/circt/issues/6970
generators/rocket-chip/src/main/scala/tilelink/CacheCork.scala:42:9: warning: module contains 6 printf-encoded verification operation(s), which are deprecated and will be removed in the future
generators/rocket-chip/src/main/scala/tilelink/CacheCork.scala:116:16: note: example printf here, will just be a printf in the future
generators/rocket-chip/src/main/scala/tilelink/CacheCork.scala:42:9: note: For more information, see https://github.com/llvm/circt/issues/6970
generators/rocket-chip/src/main/scala/tilelink/Monitor.scala:35:7: warning: module contains 114 printf-encoded verification operation(s), which are deprecated and will be removed in the future
generators/rocket-chip/src/main/scala/tilelink/Monitor.scala:44:11: note: example printf here, will just be a printf in the future
generators/rocket-chip/src/main/scala/tilelink/Monitor.scala:35:7: note: For more information, see https://github.com/llvm/circt/issues/6970
generators/rocket-chip/src/main/scala/tilelink/Monitor.scala:35:7: warning: module contains 210 printf-encoded verification operation(s), which are deprecated and will be removed in the future
generators/rocket-chip/src/main/scala/tilelink/Monitor.scala:44:11: note: example printf here, will just be a printf in the future
generators/rocket-chip/src/main/scala/tilelink/Monitor.scala:35:7: note: For more information, see https://github.com/llvm/circt/issues/6970
generators/rocket-chip/src/main/scala/tilelink/Monitor.scala:35:7: warning: module contains 114 printf-encoded verification operation(s), which are deprecated and will be removed in the future
generators/rocket-chip/src/main/scala/tilelink/Monitor.scala:44:11: note: example printf here, will just be a printf in the future
generators/rocket-chip/src/main/scala/tilelink/Monitor.scala:35:7: note: For more information, see https://github.com/llvm/circt/issues/6970
generators/rocket-chip/src/main/scala/tilelink/Xbar.scala:74:9: warning: module contains 3 printf-encoded verification operation(s), which are deprecated and will be removed in the future
generators/rocket-chip/src/main/scala/tilelink/Arbiter.scala:22:12: note: example printf here, will just be a printf in the future
generators/rocket-chip/src/main/scala/tilelink/Xbar.scala:74:9: note: For more information, see https://github.com/llvm/circt/issues/6970
generators/rocket-chip/src/main/scala/rocket/TLB.scala:318:7: warning: module contains 1 printf-encoded verification operation(s), which are deprecated and will be removed in the future
generators/rocket-chip/src/main/scala/rocket/TLB.scala:719:13: note: example printf here, will just be a printf in the future
generators/rocket-chip/src/main/scala/rocket/TLB.scala:318:7: note: For more information, see https://github.com/llvm/circt/issues/6970
generators/rocket-chip/src/main/scala/rocket/DCache.scala:118:32: warning: module contains 1 printf-encoded verification operation(s), which are deprecated and will be removed in the future
generators/rocket-chip/src/main/scala/rocket/TLB.scala:719:13: note: example printf here, will just be a printf in the future
generators/rocket-chip/src/main/scala/rocket/DCache.scala:118:32: note: For more information, see https://github.com/llvm/circt/issues/6970
generators/rocket-chip/src/main/scala/rocket/DCache.scala:99:7: warning: module contains 10 printf-encoded verification operation(s), which are deprecated and will be removed in the future
generators/rocket-chip/src/main/scala/rocket/DCache.scala:1184:11: note: example printf here, will just be a printf in the future
generators/rocket-chip/src/main/scala/rocket/DCache.scala:99:7: note: For more information, see https://github.com/llvm/circt/issues/6970
generators/rocket-chip/src/main/scala/rocket/ICache.scala:251:7: warning: module contains 3 printf-encoded verification operation(s), which are deprecated and will be removed in the future
generators/rocket-chip/src/main/scala/rocket/ICache.scala:413:11: note: example printf here, will just be a printf in the future
generators/rocket-chip/src/main/scala/rocket/ICache.scala:251:7: note: For more information, see https://github.com/llvm/circt/issues/6970
generators/rocket-chip/src/main/scala/rocket/TLB.scala:318:7: warning: module contains 1 printf-encoded verification operation(s), which are deprecated and will be removed in the future
generators/rocket-chip/src/main/scala/rocket/TLB.scala:719:13: note: example printf here, will just be a printf in the future
generators/rocket-chip/src/main/scala/rocket/TLB.scala:318:7: note: For more information, see https://github.com/llvm/circt/issues/6970
generators/rocket-chip/src/main/scala/rocket/Frontend.scala:82:7: warning: module contains 3 printf-encoded verification operation(s), which are deprecated and will be removed in the future
generators/rocket-chip/src/main/scala/rocket/Frontend.scala:96:9: note: example printf here, will just be a printf in the future
generators/rocket-chip/src/main/scala/rocket/Frontend.scala:82:7: note: For more information, see https://github.com/llvm/circt/issues/6970
generators/rocket-chip/src/main/scala/tile/FPU.scala:735:7: warning: module contains 3 printf-encoded verification operation(s), which are deprecated and will be removed in the future
generators/rocket-chip/src/main/scala/tile/FPU.scala:823:11: note: example printf here, will just be a printf in the future
generators/rocket-chip/src/main/scala/tile/FPU.scala:735:7: note: For more information, see https://github.com/llvm/circt/issues/6970
generators/rocket-chip/src/main/scala/rocket/PTW.scala:219:7: warning: module contains 5 printf-encoded verification operation(s), which are deprecated and will be removed in the future
generators/rocket-chip/src/main/scala/rocket/PTW.scala:395:9: note: example printf here, will just be a printf in the future
generators/rocket-chip/src/main/scala/rocket/PTW.scala:219:7: note: For more information, see https://github.com/llvm/circt/issues/6970
generators/rocket-chip/src/main/scala/rocket/IBuf.scala:21:7: warning: module contains 1 printf-encoded verification operation(s), which are deprecated and will be removed in the future
generators/rocket-chip/src/main/scala/rocket/IBuf.scala:79:9: note: example printf here, will just be a printf in the future
generators/rocket-chip/src/main/scala/rocket/IBuf.scala:21:7: note: For more information, see https://github.com/llvm/circt/issues/6970
generators/rocket-chip/src/main/scala/rocket/CSR.scala:378:7: warning: module contains 3 printf-encoded verification operation(s), which are deprecated and will be removed in the future
generators/rocket-chip/src/main/scala/rocket/CSR.scala:1023:9: note: example printf here, will just be a printf in the future
generators/rocket-chip/src/main/scala/rocket/CSR.scala:378:7: note: For more information, see https://github.com/llvm/circt/issues/6970
generators/rocket-chip/src/main/scala/util/PlusArg.scala:58:7: warning: module contains 1 printf-encoded verification operation(s), which are deprecated and will be removed in the future
generators/rocket-chip/src/main/scala/util/PlusArg.scala:64:12: note: example printf here, will just be a printf in the future
generators/rocket-chip/src/main/scala/util/PlusArg.scala:58:7: note: For more information, see https://github.com/llvm/circt/issues/6970
generators/rocket-chip/src/main/scala/rocket/RocketCore.scala:158:7: warning: module contains 1 printf-encoded verification operation(s), which are deprecated and will be removed in the future
generators/rocket-chip/src/main/scala/rocket/RocketCore.scala:885:11: note: example printf here, will just be a printf in the future
generators/rocket-chip/src/main/scala/rocket/RocketCore.scala:158:7: note: For more information, see https://github.com/llvm/circt/issues/6970
generators/rocket-chip/src/main/scala/tilelink/Monitor.scala:35:7: warning: module contains 210 printf-encoded verification operation(s), which are deprecated and will be removed in the future
generators/rocket-chip/src/main/scala/tilelink/Monitor.scala:44:11: note: example printf here, will just be a printf in the future
generators/rocket-chip/src/main/scala/tilelink/Monitor.scala:35:7: note: For more information, see https://github.com/llvm/circt/issues/6970
generators/rocket-chip/src/main/scala/tilelink/Monitor.scala:35:7: warning: module contains 210 printf-encoded verification operation(s), which are deprecated and will be removed in the future
generators/rocket-chip/src/main/scala/tilelink/Monitor.scala:44:11: note: example printf here, will just be a printf in the future
generators/rocket-chip/src/main/scala/tilelink/Monitor.scala:35:7: note: For more information, see https://github.com/llvm/circt/issues/6970
generators/rocket-chip/src/main/scala/tilelink/Monitor.scala:35:7: warning: module contains 114 printf-encoded verification operation(s), which are deprecated and will be removed in the future
generators/rocket-chip/src/main/scala/tilelink/Monitor.scala:44:11: note: example printf here, will just be a printf in the future
generators/rocket-chip/src/main/scala/tilelink/Monitor.scala:35:7: note: For more information, see https://github.com/llvm/circt/issues/6970
generators/rocket-chip/src/main/scala/tilelink/Xbar.scala:74:9: warning: module contains 3 printf-encoded verification operation(s), which are deprecated and will be removed in the future
generators/rocket-chip/src/main/scala/tilelink/Arbiter.scala:22:12: note: example printf here, will just be a printf in the future
generators/rocket-chip/src/main/scala/tilelink/Xbar.scala:74:9: note: For more information, see https://github.com/llvm/circt/issues/6970
generators/rocket-chip/src/main/scala/rocket/TLB.scala:318:7: warning: module contains 1 printf-encoded verification operation(s), which are deprecated and will be removed in the future
generators/rocket-chip/src/main/scala/rocket/TLB.scala:719:13: note: example printf here, will just be a printf in the future
generators/rocket-chip/src/main/scala/rocket/TLB.scala:318:7: note: For more information, see https://github.com/llvm/circt/issues/6970
generators/rocket-chip/src/main/scala/rocket/DCache.scala:118:32: warning: module contains 1 printf-encoded verification operation(s), which are deprecated and will be removed in the future
generators/rocket-chip/src/main/scala/rocket/TLB.scala:719:13: note: example printf here, will just be a printf in the future
generators/rocket-chip/src/main/scala/rocket/DCache.scala:118:32: note: For more information, see https://github.com/llvm/circt/issues/6970
generators/rocket-chip/src/main/scala/rocket/DCache.scala:99:7: warning: module contains 10 printf-encoded verification operation(s), which are deprecated and will be removed in the future
generators/rocket-chip/src/main/scala/rocket/DCache.scala:1184:11: note: example printf here, will just be a printf in the future
generators/rocket-chip/src/main/scala/rocket/DCache.scala:99:7: note: For more information, see https://github.com/llvm/circt/issues/6970
generators/rocket-chip/src/main/scala/rocket/ICache.scala:251:7: warning: module contains 3 printf-encoded verification operation(s), which are deprecated and will be removed in the future
generators/rocket-chip/src/main/scala/rocket/ICache.scala:413:11: note: example printf here, will just be a printf in the future
generators/rocket-chip/src/main/scala/rocket/ICache.scala:251:7: note: For more information, see https://github.com/llvm/circt/issues/6970
generators/rocket-chip/src/main/scala/rocket/TLB.scala:318:7: warning: module contains 1 printf-encoded verification operation(s), which are deprecated and will be removed in the future
generators/rocket-chip/src/main/scala/rocket/TLB.scala:719:13: note: example printf here, will just be a printf in the future
generators/rocket-chip/src/main/scala/rocket/TLB.scala:318:7: note: For more information, see https://github.com/llvm/circt/issues/6970
generators/rocket-chip/src/main/scala/rocket/Frontend.scala:82:7: warning: module contains 3 printf-encoded verification operation(s), which are deprecated and will be removed in the future
generators/rocket-chip/src/main/scala/rocket/Frontend.scala:96:9: note: example printf here, will just be a printf in the future
generators/rocket-chip/src/main/scala/rocket/Frontend.scala:82:7: note: For more information, see https://github.com/llvm/circt/issues/6970
generators/rocket-chip/src/main/scala/tile/FPU.scala:735:7: warning: module contains 3 printf-encoded verification operation(s), which are deprecated and will be removed in the future
generators/rocket-chip/src/main/scala/tile/FPU.scala:823:11: note: example printf here, will just be a printf in the future
generators/rocket-chip/src/main/scala/tile/FPU.scala:735:7: note: For more information, see https://github.com/llvm/circt/issues/6970
generators/rocket-chip/src/main/scala/rocket/PTW.scala:219:7: warning: module contains 5 printf-encoded verification operation(s), which are deprecated and will be removed in the future
generators/rocket-chip/src/main/scala/rocket/PTW.scala:395:9: note: example printf here, will just be a printf in the future
generators/rocket-chip/src/main/scala/rocket/PTW.scala:219:7: note: For more information, see https://github.com/llvm/circt/issues/6970
generators/rocket-chip/src/main/scala/rocket/IBuf.scala:21:7: warning: module contains 1 printf-encoded verification operation(s), which are deprecated and will be removed in the future
generators/rocket-chip/src/main/scala/rocket/IBuf.scala:79:9: note: example printf here, will just be a printf in the future
generators/rocket-chip/src/main/scala/rocket/IBuf.scala:21:7: note: For more information, see https://github.com/llvm/circt/issues/6970
generators/rocket-chip/src/main/scala/rocket/CSR.scala:378:7: warning: module contains 3 printf-encoded verification operation(s), which are deprecated and will be removed in the future
generators/rocket-chip/src/main/scala/rocket/CSR.scala:1023:9: note: example printf here, will just be a printf in the future
generators/rocket-chip/src/main/scala/rocket/CSR.scala:378:7: note: For more information, see https://github.com/llvm/circt/issues/6970
generators/rocket-chip/src/main/scala/util/PlusArg.scala:58:7: warning: module contains 1 printf-encoded verification operation(s), which are deprecated and will be removed in the future
generators/rocket-chip/src/main/scala/util/PlusArg.scala:64:12: note: example printf here, will just be a printf in the future
generators/rocket-chip/src/main/scala/util/PlusArg.scala:58:7: note: For more information, see https://github.com/llvm/circt/issues/6970
generators/rocket-chip/src/main/scala/rocket/RocketCore.scala:158:7: warning: module contains 1 printf-encoded verification operation(s), which are deprecated and will be removed in the future
generators/rocket-chip/src/main/scala/rocket/RocketCore.scala:885:11: note: example printf here, will just be a printf in the future
generators/rocket-chip/src/main/scala/rocket/RocketCore.scala:158:7: note: For more information, see https://github.com/llvm/circt/issues/6970
generators/rocket-chip/src/main/scala/tilelink/Monitor.scala:35:7: warning: module contains 210 printf-encoded verification operation(s), which are deprecated and will be removed in the future
generators/rocket-chip/src/main/scala/tilelink/Monitor.scala:44:11: note: example printf here, will just be a printf in the future
generators/rocket-chip/src/main/scala/tilelink/Monitor.scala:35:7: note: For more information, see https://github.com/llvm/circt/issues/6970
generators/rocket-chip/src/main/scala/tilelink/Monitor.scala:35:7: warning: module contains 112 printf-encoded verification operation(s), which are deprecated and will be removed in the future
generators/rocket-chip/src/main/scala/tilelink/Monitor.scala:44:11: note: example printf here, will just be a printf in the future
generators/rocket-chip/src/main/scala/tilelink/Monitor.scala:35:7: note: For more information, see https://github.com/llvm/circt/issues/6970
generators/rocket-chip/src/main/scala/tilelink/Monitor.scala:35:7: warning: module contains 114 printf-encoded verification operation(s), which are deprecated and will be removed in the future
generators/rocket-chip/src/main/scala/tilelink/Monitor.scala:44:11: note: example printf here, will just be a printf in the future
generators/rocket-chip/src/main/scala/tilelink/Monitor.scala:35:7: note: For more information, see https://github.com/llvm/circt/issues/6970
generators/rocket-chip/src/main/scala/devices/tilelink/Plic.scala:132:9: warning: module contains 6 printf-encoded verification operation(s), which are deprecated and will be removed in the future
generators/rocket-chip/src/main/scala/devices/tilelink/Plic.scala:249:11: note: example printf here, will just be a printf in the future
generators/rocket-chip/src/main/scala/devices/tilelink/Plic.scala:132:9: note: For more information, see https://github.com/llvm/circt/issues/6970
generators/rocket-chip/src/main/scala/tilelink/Monitor.scala:35:7: warning: module contains 112 printf-encoded verification operation(s), which are deprecated and will be removed in the future
generators/rocket-chip/src/main/scala/tilelink/Monitor.scala:44:11: note: example printf here, will just be a printf in the future
generators/rocket-chip/src/main/scala/tilelink/Monitor.scala:35:7: note: For more information, see https://github.com/llvm/circt/issues/6970
generators/rocket-chip/src/main/scala/tilelink/Xbar.scala:74:9: warning: module contains 3 printf-encoded verification operation(s), which are deprecated and will be removed in the future
generators/rocket-chip/src/main/scala/tilelink/Arbiter.scala:22:12: note: example printf here, will just be a printf in the future
generators/rocket-chip/src/main/scala/tilelink/Xbar.scala:74:9: note: For more information, see https://github.com/llvm/circt/issues/6970
generators/rocket-chip/src/main/scala/tilelink/Monitor.scala:35:7: warning: module contains 112 printf-encoded verification operation(s), which are deprecated and will be removed in the future
generators/rocket-chip/src/main/scala/tilelink/Monitor.scala:44:11: note: example printf here, will just be a printf in the future
generators/rocket-chip/src/main/scala/tilelink/Monitor.scala:35:7: note: For more information, see https://github.com/llvm/circt/issues/6970
generators/rocket-chip/src/main/scala/tilelink/Monitor.scala:35:7: warning: module contains 112 printf-encoded verification operation(s), which are deprecated and will be removed in the future
generators/rocket-chip/src/main/scala/tilelink/Monitor.scala:44:11: note: example printf here, will just be a printf in the future
generators/rocket-chip/src/main/scala/tilelink/Monitor.scala:35:7: note: For more information, see https://github.com/llvm/circt/issues/6970
generators/rocket-chip/src/main/scala/tilelink/Monitor.scala:35:7: warning: module contains 112 printf-encoded verification operation(s), which are deprecated and will be removed in the future
generators/rocket-chip/src/main/scala/tilelink/Monitor.scala:44:11: note: example printf here, will just be a printf in the future
generators/rocket-chip/src/main/scala/tilelink/Monitor.scala:35:7: note: For more information, see https://github.com/llvm/circt/issues/6970
generators/rocket-chip/src/main/scala/devices/tilelink/Error.scala:21:9: warning: module contains 3 printf-encoded verification operation(s), which are deprecated and will be removed in the future
generators/rocket-chip/src/main/scala/devices/tilelink/Error.scala:34:12: note: example printf here, will just be a printf in the future
generators/rocket-chip/src/main/scala/devices/tilelink/Error.scala:21:9: note: For more information, see https://github.com/llvm/circt/issues/6970
generators/rocket-chip/src/main/scala/tilelink/Monitor.scala:35:7: warning: module contains 114 printf-encoded verification operation(s), which are deprecated and will be removed in the future
generators/rocket-chip/src/main/scala/tilelink/Monitor.scala:44:11: note: example printf here, will just be a printf in the future
generators/rocket-chip/src/main/scala/tilelink/Monitor.scala:35:7: note: For more information, see https://github.com/llvm/circt/issues/6970
generators/rocket-chip/src/main/scala/devices/debug/SBA.scala:273:9: warning: module contains 1 printf-encoded verification operation(s), which are deprecated and will be removed in the future
generators/rocket-chip/src/main/scala/devices/debug/SBA.scala:373:12: note: example printf here, will just be a printf in the future
generators/rocket-chip/src/main/scala/devices/debug/SBA.scala:273:9: note: For more information, see https://github.com/llvm/circt/issues/6970
generators/rocket-chip/src/main/scala/tilelink/Monitor.scala:35:7: warning: module contains 112 printf-encoded verification operation(s), which are deprecated and will be removed in the future
generators/rocket-chip/src/main/scala/tilelink/Monitor.scala:44:11: note: example printf here, will just be a printf in the future
generators/rocket-chip/src/main/scala/tilelink/Monitor.scala:35:7: note: For more information, see https://github.com/llvm/circt/issues/6970
generators/rocket-chip/src/main/scala/tilelink/Monitor.scala:35:7: warning: module contains 112 printf-encoded verification operation(s), which are deprecated and will be removed in the future
generators/rocket-chip/src/main/scala/tilelink/Monitor.scala:44:11: note: example printf here, will just be a printf in the future
generators/rocket-chip/src/main/scala/tilelink/Monitor.scala:35:7: note: For more information, see https://github.com/llvm/circt/issues/6970
generators/rocket-chip/src/main/scala/devices/debug/Debug.scala:790:9: warning: module contains 5 printf-encoded verification operation(s), which are deprecated and will be removed in the future
generators/rocket-chip/src/main/scala/devices/debug/Debug.scala:1505:15: note: example printf here, will just be a printf in the future
generators/rocket-chip/src/main/scala/devices/debug/Debug.scala:790:9: note: For more information, see https://github.com/llvm/circt/issues/6970
generators/rocket-chip/src/main/scala/tilelink/Monitor.scala:35:7: warning: module contains 112 printf-encoded verification operation(s), which are deprecated and will be removed in the future
generators/rocket-chip/src/main/scala/tilelink/Monitor.scala:44:11: note: example printf here, will just be a printf in the future
generators/rocket-chip/src/main/scala/tilelink/Monitor.scala:35:7: note: For more information, see https://github.com/llvm/circt/issues/6970
generators/rocket-chip/src/main/scala/tilelink/Monitor.scala:35:7: warning: module contains 114 printf-encoded verification operation(s), which are deprecated and will be removed in the future
generators/rocket-chip/src/main/scala/tilelink/Monitor.scala:44:11: note: example printf here, will just be a printf in the future
generators/rocket-chip/src/main/scala/tilelink/Monitor.scala:35:7: note: For more information, see https://github.com/llvm/circt/issues/6970
generators/rocket-chip/src/main/scala/tilelink/SRAM.scala:63:9: warning: module contains 1 printf-encoded verification operation(s), which are deprecated and will be removed in the future
generators/rocket-chip/src/main/scala/tilelink/SRAM.scala:231:12: note: example printf here, will just be a printf in the future
generators/rocket-chip/src/main/scala/tilelink/SRAM.scala:63:9: note: For more information, see https://github.com/llvm/circt/issues/6970
generators/rocket-chip/src/main/scala/tilelink/Monitor.scala:35:7: warning: module contains 114 printf-encoded verification operation(s), which are deprecated and will be removed in the future
generators/rocket-chip/src/main/scala/tilelink/Monitor.scala:44:11: note: example printf here, will just be a printf in the future
generators/rocket-chip/src/main/scala/tilelink/Monitor.scala:35:7: note: For more information, see https://github.com/llvm/circt/issues/6970
generators/rocket-chip/src/main/scala/tilelink/Fragmenter.scala:92:9: warning: module contains 3 printf-encoded verification operation(s), which are deprecated and will be removed in the future
generators/rocket-chip/src/main/scala/tilelink/Fragmenter.scala:214:16: note: example printf here, will just be a printf in the future
generators/rocket-chip/src/main/scala/tilelink/Fragmenter.scala:92:9: note: For more information, see https://github.com/llvm/circt/issues/6970
generators/rocket-chip/src/main/scala/tilelink/Monitor.scala:35:7: warning: module contains 114 printf-encoded verification operation(s), which are deprecated and will be removed in the future
generators/rocket-chip/src/main/scala/tilelink/Monitor.scala:44:11: note: example printf here, will just be a printf in the future
generators/rocket-chip/src/main/scala/tilelink/Monitor.scala:35:7: note: For more information, see https://github.com/llvm/circt/issues/6970
generators/rocket-chip/src/main/scala/tilelink/Monitor.scala:35:7: warning: module contains 114 printf-encoded verification operation(s), which are deprecated and will be removed in the future
generators/rocket-chip/src/main/scala/tilelink/Monitor.scala:44:11: note: example printf here, will just be a printf in the future
generators/rocket-chip/src/main/scala/tilelink/Monitor.scala:35:7: note: For more information, see https://github.com/llvm/circt/issues/6970
generators/rocket-chip/src/main/scala/tilelink/Monitor.scala:35:7: warning: module contains 114 printf-encoded verification operation(s), which are deprecated and will be removed in the future
generators/rocket-chip/src/main/scala/tilelink/Monitor.scala:44:11: note: example printf here, will just be a printf in the future
generators/rocket-chip/src/main/scala/tilelink/Monitor.scala:35:7: note: For more information, see https://github.com/llvm/circt/issues/6970
generators/rocket-chip/src/main/scala/tilelink/Fragmenter.scala:92:9: warning: module contains 3 printf-encoded verification operation(s), which are deprecated and will be removed in the future
generators/rocket-chip/src/main/scala/tilelink/Fragmenter.scala:214:16: note: example printf here, will just be a printf in the future
generators/rocket-chip/src/main/scala/tilelink/Fragmenter.scala:92:9: note: For more information, see https://github.com/llvm/circt/issues/6970
generators/rocket-chip/src/main/scala/tilelink/Monitor.scala:35:7: warning: module contains 112 printf-encoded verification operation(s), which are deprecated and will be removed in the future
generators/rocket-chip/src/main/scala/tilelink/Monitor.scala:44:11: note: example printf here, will just be a printf in the future
generators/rocket-chip/src/main/scala/tilelink/Monitor.scala:35:7: note: For more information, see https://github.com/llvm/circt/issues/6970
generators/rocket-chip/src/main/scala/tilelink/Monitor.scala:35:7: warning: module contains 112 printf-encoded verification operation(s), which are deprecated and will be removed in the future
generators/rocket-chip/src/main/scala/tilelink/Monitor.scala:44:11: note: example printf here, will just be a printf in the future
generators/rocket-chip/src/main/scala/tilelink/Monitor.scala:35:7: note: For more information, see https://github.com/llvm/circt/issues/6970
generators/rocket-chip/src/main/scala/tilelink/Xbar.scala:74:9: warning: module contains 3 printf-encoded verification operation(s), which are deprecated and will be removed in the future
generators/rocket-chip/src/main/scala/tilelink/Arbiter.scala:22:12: note: example printf here, will just be a printf in the future
generators/rocket-chip/src/main/scala/tilelink/Xbar.scala:74:9: note: For more information, see https://github.com/llvm/circt/issues/6970
generators/rocket-chip/src/main/scala/tilelink/Monitor.scala:35:7: warning: module contains 112 printf-encoded verification operation(s), which are deprecated and will be removed in the future
generators/rocket-chip/src/main/scala/tilelink/Monitor.scala:44:11: note: example printf here, will just be a printf in the future
generators/rocket-chip/src/main/scala/tilelink/Monitor.scala:35:7: note: For more information, see https://github.com/llvm/circt/issues/6970
generators/rocket-chip/src/main/scala/tilelink/Monitor.scala:35:7: warning: module contains 112 printf-encoded verification operation(s), which are deprecated and will be removed in the future
generators/rocket-chip/src/main/scala/tilelink/Monitor.scala:44:11: note: example printf here, will just be a printf in the future
generators/rocket-chip/src/main/scala/tilelink/Monitor.scala:35:7: note: For more information, see https://github.com/llvm/circt/issues/6970
generators/rocket-chip/src/main/scala/tilelink/Fragmenter.scala:92:9: warning: module contains 3 printf-encoded verification operation(s), which are deprecated and will be removed in the future
generators/rocket-chip/src/main/scala/tilelink/Fragmenter.scala:214:16: note: example printf here, will just be a printf in the future
generators/rocket-chip/src/main/scala/tilelink/Fragmenter.scala:92:9: note: For more information, see https://github.com/llvm/circt/issues/6970
generators/rocket-chip/src/main/scala/tilelink/Monitor.scala:35:7: warning: module contains 112 printf-encoded verification operation(s), which are deprecated and will be removed in the future
generators/rocket-chip/src/main/scala/tilelink/Monitor.scala:44:11: note: example printf here, will just be a printf in the future
generators/rocket-chip/src/main/scala/tilelink/Monitor.scala:35:7: note: For more information, see https://github.com/llvm/circt/issues/6970
generators/rocket-chip/src/main/scala/tilelink/Monitor.scala:35:7: warning: module contains 112 printf-encoded verification operation(s), which are deprecated and will be removed in the future
generators/rocket-chip/src/main/scala/tilelink/Monitor.scala:44:11: note: example printf here, will just be a printf in the future
generators/rocket-chip/src/main/scala/tilelink/Monitor.scala:35:7: note: For more information, see https://github.com/llvm/circt/issues/6970
generators/rocket-chip/src/main/scala/tilelink/Fragmenter.scala:92:9: warning: module contains 3 printf-encoded verification operation(s), which are deprecated and will be removed in the future
generators/rocket-chip/src/main/scala/tilelink/Fragmenter.scala:214:16: note: example printf here, will just be a printf in the future
generators/rocket-chip/src/main/scala/tilelink/Fragmenter.scala:92:9: note: For more information, see https://github.com/llvm/circt/issues/6970
generators/rocket-chip/src/main/scala/jtag/JtagShifter.scala:137:7: warning: module contains 1 printf-encoded verification operation(s), which are deprecated and will be removed in the future
generators/rocket-chip/src/main/scala/jtag/JtagShifter.scala:185:9: note: example printf here, will just be a printf in the future
generators/rocket-chip/src/main/scala/jtag/JtagShifter.scala:137:7: note: For more information, see https://github.com/llvm/circt/issues/6970
generators/rocket-chip/src/main/scala/jtag/JtagShifter.scala:137:7: warning: module contains 1 printf-encoded verification operation(s), which are deprecated and will be removed in the future
generators/rocket-chip/src/main/scala/jtag/JtagShifter.scala:185:9: note: example printf here, will just be a printf in the future
generators/rocket-chip/src/main/scala/jtag/JtagShifter.scala:137:7: note: For more information, see https://github.com/llvm/circt/issues/6970
generators/rocket-chip/src/main/scala/jtag/JtagShifter.scala:89:7: warning: module contains 1 printf-encoded verification operation(s), which are deprecated and will be removed in the future
generators/rocket-chip/src/main/scala/jtag/JtagShifter.scala:118:9: note: example printf here, will just be a printf in the future
generators/rocket-chip/src/main/scala/jtag/JtagShifter.scala:89:7: note: For more information, see https://github.com/llvm/circt/issues/6970
generators/rocket-chip/src/main/scala/jtag/JtagShifter.scala:137:7: warning: module contains 1 printf-encoded verification operation(s), which are deprecated and will be removed in the future
generators/rocket-chip/src/main/scala/jtag/JtagShifter.scala:185:9: note: example printf here, will just be a printf in the future
generators/rocket-chip/src/main/scala/jtag/JtagShifter.scala:137:7: note: For more information, see https://github.com/llvm/circt/issues/6970
generators/rocket-chip/src/main/scala/jtag/JtagShifter.scala:56:7: warning: module contains 1 printf-encoded verification operation(s), which are deprecated and will be removed in the future
generators/rocket-chip/src/main/scala/jtag/JtagShifter.scala:72:9: note: example printf here, will just be a printf in the future
generators/rocket-chip/src/main/scala/jtag/JtagShifter.scala:56:7: note: For more information, see https://github.com/llvm/circt/issues/6970
generators/rocket-chip/src/main/scala/devices/debug/DebugTransport.scala:73:7: warning: module contains 3 printf-encoded verification operation(s), which are deprecated and will be removed in the future
generators/rocket-chip/src/main/scala/devices/debug/DebugTransport.scala:203:9: note: example printf here, will just be a printf in the future
generators/rocket-chip/src/main/scala/devices/debug/DebugTransport.scala:73:7: note: For more information, see https://github.com/llvm/circt/issues/6970
generators/testchipip/src/main/scala/uart/SimUART.scala:26:7: warning: module contains 1 printf-encoded verification operation(s), which are deprecated and will be removed in the future
generators/testchipip/src/main/scala/uart/SimUART.scala:48:35: note: example printf here, will just be a printf in the future
generators/testchipip/src/main/scala/uart/SimUART.scala:26:7: note: For more information, see https://github.com/llvm/circt/issues/6970
generators/rocket-chip/src/main/scala/tilelink/Monitor.scala:35:7: warning: module contains 114 printf-encoded verification operation(s), which are deprecated and will be removed in the future
generators/rocket-chip/src/main/scala/tilelink/Monitor.scala:44:11: note: example printf here, will just be a printf in the future
generators/rocket-chip/src/main/scala/tilelink/Monitor.scala:35:7: note: For more information, see https://github.com/llvm/circt/issues/6970
generators/testchipip/src/main/scala/tsi/TSIToTileLink.scala:36:7: warning: module contains 1 printf-encoded verification operation(s), which are deprecated and will be removed in the future
generators/testchipip/src/main/scala/tsi/TSIToTileLink.scala:137:15: note: example printf here, will just be a printf in the future
generators/testchipip/src/main/scala/tsi/TSIToTileLink.scala:36:7: note: For more information, see https://github.com/llvm/circt/issues/6970
generators/rocket-chip/src/main/scala/tilelink/Monitor.scala:35:7: warning: module contains 114 printf-encoded verification operation(s), which are deprecated and will be removed in the future
generators/rocket-chip/src/main/scala/tilelink/Monitor.scala:44:11: note: example printf here, will just be a printf in the future
generators/rocket-chip/src/main/scala/tilelink/Monitor.scala:35:7: note: For more information, see https://github.com/llvm/circt/issues/6970
generators/chipyard/src/main/scala/harness/TestHarness.scala:19:7: warning: module contains 2 printf-encoded verification operation(s), which are deprecated and will be removed in the future
generators/rocket-chip/src/main/scala/devices/debug/Periphery.scala:236:11: note: example printf here, will just be a printf in the future
generators/chipyard/src/main/scala/harness/TestHarness.scala:19:7: note: For more information, see https://github.com/llvm/circt/issues/6970
===-------------------------------------------------------------------------===
                         ... Execution time report ...
===-------------------------------------------------------------------------===
  Total Execution Time: 25.1076 seconds

  ----User Time----  ----Wall Time----  ----Name----
    2.5563 (  5.2%)    2.5563 ( 10.2%)  FIR Parser
    0.0752 (  0.2%)    0.0752 (  0.3%)    Parse annotations
    0.0000 (  0.0%)    0.0000 (  0.0%)    Parse OMIR
    1.9029 (  3.9%)    1.9029 (  7.6%)    Parse modules
    0.5002 (  1.0%)    0.5002 (  2.0%)    Verify circuit
   33.3347 ( 67.5%)   15.2058 ( 60.6%)  'firrtl.circuit' Pipeline
    0.0752 (  0.2%)    0.0752 (  0.3%)    LowerOpenAggs
    0.5555 (  1.1%)    0.5555 (  2.2%)    ResolvePaths
    0.0251 (  0.1%)    0.0251 (  0.1%)      (A) circt::firrtl::InstanceGraph
    0.4954 (  1.0%)    0.4954 (  2.0%)    LowerFIRRTLAnnotations
    0.0245 (  0.0%)    0.0245 (  0.1%)    LowerIntmodules
    0.0243 (  0.0%)    0.0243 (  0.1%)      (A) circt::firrtl::InstanceGraph
    0.2918 (  0.6%)    0.0747 (  0.3%)    'firrtl.module' Pipeline
    0.2647 (  0.5%)    0.0705 (  0.3%)      LowerIntrinsics
    0.5967 (  1.2%)    0.5967 (  2.4%)    LowerSignatures
    0.0000 (  0.0%)    0.0000 (  0.0%)    InjectDUTHierarchy
    7.1265 ( 14.4%)    1.7924 (  7.1%)    'firrtl.module' Pipeline
    1.3739 (  2.8%)    0.3492 (  1.4%)      PassiveWires
    2.0512 (  4.2%)    0.5351 (  2.1%)      DropName
    2.1131 (  4.3%)    0.5380 (  2.1%)      CSE
    0.0064 (  0.0%)    0.0020 (  0.0%)        (A) DominanceInfo
    0.4055 (  0.8%)    0.1217 (  0.5%)      LowerCHIRRTLPass
    1.1244 (  2.3%)    0.2841 (  1.1%)      LowerMatches
    1.1356 (  2.3%)    1.1356 (  4.5%)    InferWidths
    0.0003 (  0.0%)    0.0003 (  0.0%)      (A) SymbolTable
    0.0363 (  0.1%)    0.0363 (  0.1%)      (A) circt::hw::InnerSymbolTableCollection
    0.4786 (  1.0%)    0.4786 (  1.9%)    MemToRegOfVec
    0.6292 (  1.3%)    0.6292 (  2.5%)    InferResets
    0.0253 (  0.1%)    0.0253 (  0.1%)      (A) circt::firrtl::InstanceGraph
    0.5069 (  1.0%)    0.5069 (  2.0%)    DropConst
    0.0042 (  0.0%)    0.0042 (  0.0%)    HoistPassthrough
    0.9545 (  1.9%)    0.9545 (  3.8%)    Dedup
    0.0011 (  0.0%)    0.0011 (  0.0%)      (A) circt::firrtl::NLATable
    0.0006 (  0.0%)    0.0006 (  0.0%)      (A) SymbolTable
    1.0712 (  2.2%)    0.2743 (  1.1%)    'firrtl.module' Pipeline
    1.0667 (  2.2%)    0.2735 (  1.1%)      FlattenMemory
    0.8344 (  1.7%)    0.8344 (  3.3%)    LowerFIRRTLTypes
    0.0001 (  0.0%)    0.0001 (  0.0%)      (A) SymbolTable
    1.4761 (  3.0%)    0.3703 (  1.5%)    'any' Pipeline
    1.4699 (  3.0%)    0.3682 (  1.5%)      ExpandWhens
    2.6254 (  5.3%)    0.6899 (  2.7%)    'firrtl.module' Pipeline
    0.6875 (  1.4%)    0.1898 (  0.8%)      SFCCompat
    0.9866 (  2.0%)    0.2535 (  1.0%)      LayerMerge
    0.9396 (  1.9%)    0.2434 (  1.0%)      LayerSink
    0.0018 (  0.0%)    0.0006 (  0.0%)        (A) DominanceInfo
    0.6155 (  1.2%)    0.6155 (  2.5%)    LowerLayers
    0.7734 (  1.6%)    0.7734 (  3.1%)    Inliner
    0.0001 (  0.0%)    0.0001 (  0.0%)      (A) SymbolTable
    0.9838 (  2.0%)    0.2537 (  1.0%)    'firrtl.module' Pipeline
    0.9804 (  2.0%)    0.2532 (  1.0%)      RandomizeRegisterInit
    0.4888 (  1.0%)    0.4888 (  1.9%)    CheckCombLoops
    0.0213 (  0.0%)    0.0213 (  0.1%)      (A) circt::firrtl::InstanceGraph
    4.5539 (  9.2%)    1.1540 (  4.6%)    'firrtl.module' Pipeline
    4.1130 (  8.3%)    1.0683 (  4.3%)      Canonicalizer
    0.4345 (  0.9%)    0.1263 (  0.5%)      InferReadWrite
    0.2993 (  0.6%)    0.2993 (  1.2%)    LowerMemory
    0.0143 (  0.0%)    0.0143 (  0.1%)      (A) circt::firrtl::InstanceGraph
    0.0003 (  0.0%)    0.0003 (  0.0%)      (A) SymbolTable
    0.1333 (  0.3%)    0.1333 (  0.5%)    PrefixModules
    0.0150 (  0.0%)    0.0150 (  0.1%)      (A) circt::firrtl::InstanceGraph
    0.0005 (  0.0%)    0.0005 (  0.0%)      (A) circt::firrtl::NLATable
    0.8394 (  1.7%)    0.8394 (  3.3%)    IMConstProp
    0.0145 (  0.0%)    0.0145 (  0.1%)    HoistPassthrough
    0.0115 (  0.0%)    0.0115 (  0.0%)      (A) circt::firrtl::InstanceGraph
    0.6016 (  1.2%)    0.6016 (  2.4%)  IMDeadCodeElim
    0.0124 (  0.0%)    0.0124 (  0.0%)    (A) circt::firrtl::InstanceGraph
    0.0002 (  0.0%)    0.0002 (  0.0%)    (A) SymbolTable
    0.0154 (  0.0%)    0.0154 (  0.1%)    (A) circt::hw::InnerSymbolTableCollection
    0.0100 (  0.0%)    0.0100 (  0.0%)  'firrtl.circuit' Pipeline
    0.0100 (  0.0%)    0.0100 (  0.0%)    AddSeqMemPorts
    0.0095 (  0.0%)    0.0095 (  0.0%)      (A) circt::firrtl::InstanceGraph
    0.1731 (  0.4%)    0.1731 (  0.7%)  CreateSiFiveMetadata
    0.0095 (  0.0%)    0.0095 (  0.0%)    (A) circt::firrtl::InstanceGraph
    0.5035 (  1.0%)    0.5035 (  2.0%)  'firrtl.circuit' Pipeline
    0.0415 (  0.1%)    0.0415 (  0.2%)    ExtractInstances
    0.0106 (  0.0%)    0.0106 (  0.0%)      (A) circt::firrtl::InstanceGraph
    0.0004 (  0.0%)    0.0004 (  0.0%)      (A) circt::firrtl::NLATable
    0.0001 (  0.0%)    0.0001 (  0.0%)    GrandCentral
    0.1600 (  0.3%)    0.1600 (  0.6%)    BlackBoxReader
    0.3018 (  0.6%)    0.3018 (  1.2%)    SymbolDCE
    0.2612 (  0.5%)    0.2612 (  1.0%)  InnerSymbolDCE
    1.8350 (  3.7%)    0.8785 (  3.5%)  'firrtl.circuit' Pipeline
    0.9564 (  1.9%)    0.2407 (  1.0%)    'firrtl.module' Pipeline
    0.7476 (  1.5%)    0.1922 (  0.8%)      Canonicalizer
    0.2023 (  0.4%)    0.0549 (  0.2%)      RegisterOptimizer
    0.5667 (  1.1%)    0.5667 (  2.3%)    IMConstProp
    0.0096 (  0.0%)    0.0096 (  0.0%)      (A) circt::firrtl::InstanceGraph
    0.4724 (  1.0%)    0.4724 (  1.9%)  IMDeadCodeElim
    0.0091 (  0.0%)    0.0091 (  0.0%)    (A) circt::firrtl::InstanceGraph
    0.0002 (  0.0%)    0.0002 (  0.0%)    (A) SymbolTable
    0.0119 (  0.0%)    0.0119 (  0.0%)    (A) circt::hw::InnerSymbolTableCollection
    1.4713 (  3.0%)    0.8223 (  3.3%)  'firrtl.circuit' Pipeline
    0.0000 (  0.0%)    0.0000 (  0.0%)    EmitOMIR
    0.6104 (  1.2%)    0.1531 (  0.6%)    'firrtl.module' Pipeline
    0.0406 (  0.1%)    0.0105 (  0.0%)      MergeConnections
    0.5640 (  1.1%)    0.1421 (  0.6%)      Vectorization
    0.0314 (  0.1%)    0.0314 (  0.1%)    ResolveTraces
    0.0001 (  0.0%)    0.0001 (  0.0%)      (A) circt::firrtl::NLATable
    0.0119 (  0.0%)    0.0119 (  0.0%)      (A) circt::hw::InnerSymbolTableCollection
    0.1933 (  0.4%)    0.1933 (  0.8%)    LowerXMR
    0.0093 (  0.0%)    0.0093 (  0.0%)      (A) circt::firrtl::InstanceGraph
    0.2960 (  0.6%)    0.2960 (  1.2%)    LowerClasses
    0.0098 (  0.0%)    0.0098 (  0.0%)      (A) circt::firrtl::InstanceGraph
    0.0002 (  0.0%)    0.0002 (  0.0%)      (A) SymbolTable
    0.0004 (  0.0%)    0.0004 (  0.0%)    VerifyObjectFields
    0.0001 (  0.0%)    0.0001 (  0.0%)      (A) SymbolTable
    0.0385 (  0.1%)    0.0098 (  0.0%)    'firrtl.module' Pipeline
    0.0312 (  0.1%)    0.0084 (  0.0%)      Lint
    0.5572 (  1.1%)    0.5572 (  2.2%)  LowerFIRRTLToHW
    0.0091 (  0.0%)    0.0091 (  0.0%)    (A) circt::firrtl::InstanceGraph
    0.0003 (  0.0%)    0.0003 (  0.0%)    (A) circt::firrtl::NLATable
    1.7386 (  3.5%)    0.4364 (  1.7%)  'hw.module' Pipeline
    0.5331 (  1.1%)    0.1410 (  0.6%)    CSE
    0.0013 (  0.0%)    0.0004 (  0.0%)      (A) DominanceInfo
    1.2000 (  2.4%)    0.3112 (  1.2%)    Canonicalizer
    0.0175 (  0.0%)    0.0175 (  0.1%)  VerifyInnerRefNamespace
    0.0006 (  0.0%)    0.0006 (  0.0%)  VerifyObjectFields
    0.0002 (  0.0%)    0.0002 (  0.0%)    (A) SymbolTable
    0.0206 (  0.0%)    0.0206 (  0.1%)  ExternalizeClockGate
    0.1040 (  0.2%)    0.1040 (  0.4%)  LowerSimToSV
    0.3254 (  0.7%)    0.3254 (  1.3%)  LowerSeqToSV
    0.2940 (  0.6%)    0.0746 (  0.3%)  'hw.module' Pipeline
    0.2905 (  0.6%)    0.0737 (  0.3%)    LowerVerifToSV
    0.1266 (  0.3%)    0.1266 (  0.5%)  HWMemSimImpl
    1.3665 (  2.8%)    0.3427 (  1.4%)  'hw.module' Pipeline
    0.4493 (  0.9%)    0.1137 (  0.5%)    CSE
    0.0014 (  0.0%)    0.0004 (  0.0%)      (A) DominanceInfo
    0.5377 (  1.1%)    0.1362 (  0.5%)    Canonicalizer
    0.2166 (  0.4%)    0.0591 (  0.2%)    CSE
    0.0012 (  0.0%)    0.0005 (  0.0%)      (A) DominanceInfo
    0.1514 (  0.3%)    0.0388 (  0.2%)    HWCleanup
    0.0205 (  0.0%)    0.0205 (  0.1%)  VerifyInnerRefNamespace
    0.0008 (  0.0%)    0.0008 (  0.0%)  VerifyObjectFields
    0.0003 (  0.0%)    0.0003 (  0.0%)    (A) SymbolTable
    0.3311 (  0.7%)    0.0833 (  0.3%)  'hw.module' Pipeline
    0.0306 (  0.1%)    0.0085 (  0.0%)    HWLegalizeModules
    0.2946 (  0.6%)    0.0743 (  0.3%)    PrettifyVerilog
    0.1339 (  0.3%)    0.1339 (  0.5%)  StripDebugInfoWithPred
    0.0664 (  0.1%)    0.0664 (  0.3%)  HWExportModuleHierarchy
    0.0001 (  0.0%)    0.0001 (  0.0%)    (A) SymbolTable
    0.0245 (  0.0%)    0.0245 (  0.1%)  VerifyInnerRefNamespace
    0.0004 (  0.0%)    0.0004 (  0.0%)  VerifyObjectFields
    0.9979 (  2.0%)    0.9979 (  4.0%)  ExportSplitVerilog
    1.2648 (  2.6%)    0.4398 (  1.8%)  'builtin.module' Pipeline
    0.1514 (  0.3%)    0.1514 (  0.6%)    HWLowerInstanceChoices
    0.8250 (  1.7%)    0.2074 (  0.8%)    'hw.module' Pipeline
    0.8214 (  1.7%)    0.2063 (  0.8%)      PrepareForEmission
   -0.3799 ( -0.8%)   -0.3799 ( -1.5%)  Rest
   49.3969 (100.0%)   25.1076 (100.0%)  Total
sed -i 's/.*/& /' ${CHIPYARD_ROOT}/sims/verilator/generated-src/chipyard.harness.TestHarness.DualRocketFFTConfig/chipyard.harness.TestHarness.DualRocketFFTConfig.mems.conf # need trailing space for SFC macrocompiler
# If there are no BB's then the file might not be generated; ensure it exists
touch ${CHIPYARD_ROOT}/sims/verilator/generated-src/chipyard.harness.TestHarness.DualRocketFFTConfig/gen-collateral/firrtl_black_box_resource_files.f
${CHIPYARD_ROOT}/scripts/uniquify-module-names.py \
	--model-hier-json ${CHIPYARD_ROOT}/sims/verilator/generated-src/chipyard.harness.TestHarness.DualRocketFFTConfig/model_module_hierarchy.json \
	--top-hier-json ${CHIPYARD_ROOT}/sims/verilator/generated-src/chipyard.harness.TestHarness.DualRocketFFTConfig/top_module_hierarchy.json \
	--in-all-filelist ${CHIPYARD_ROOT}/sims/verilator/generated-src/chipyard.harness.TestHarness.DualRocketFFTConfig/gen-collateral/filelist.f \
	--in-bb-filelist ${CHIPYARD_ROOT}/sims/verilator/generated-src/chipyard.harness.TestHarness.DualRocketFFTConfig/gen-collateral/firrtl_black_box_resource_files.f \
	--dut ChipTop \
	--model TestHarness \
	--target-dir ${CHIPYARD_ROOT}/sims/verilator/generated-src/chipyard.harness.TestHarness.DualRocketFFTConfig/gen-collateral \
	--out-dut-filelist ${CHIPYARD_ROOT}/sims/verilator/generated-src/chipyard.harness.TestHarness.DualRocketFFTConfig/chipyard.harness.TestHarness.DualRocketFFTConfig.top.f \
	--out-model-filelist ${CHIPYARD_ROOT}/sims/verilator/generated-src/chipyard.harness.TestHarness.DualRocketFFTConfig/chipyard.harness.TestHarness.DualRocketFFTConfig.model.f \
	--out-model-hier-json ${CHIPYARD_ROOT}/sims/verilator/generated-src/chipyard.harness.TestHarness.DualRocketFFTConfig/model_module_hierarchy.uniquified.json \
	--gcpath ${CHIPYARD_ROOT}/sims/verilator/generated-src/chipyard.harness.TestHarness.DualRocketFFTConfig/gen-collateral
sed -e 's;^;${CHIPYARD_ROOT}/sims/verilator/generated-src/chipyard.harness.TestHarness.DualRocketFFTConfig/gen-collateral/;' ${CHIPYARD_ROOT}/sims/verilator/generated-src/chipyard.harness.TestHarness.DualRocketFFTConfig/gen-collateral/firrtl_black_box_resource_files.f > ${CHIPYARD_ROOT}/sims/verilator/generated-src/chipyard.harness.TestHarness.DualRocketFFTConfig/chipyard.harness.TestHarness.DualRocketFFTConfig.bb.f
sed -i 's/\.\///' ${CHIPYARD_ROOT}/sims/verilator/generated-src/chipyard.harness.TestHarness.DualRocketFFTConfig/chipyard.harness.TestHarness.DualRocketFFTConfig.top.f
sed -i 's/\.\///' ${CHIPYARD_ROOT}/sims/verilator/generated-src/chipyard.harness.TestHarness.DualRocketFFTConfig/chipyard.harness.TestHarness.DualRocketFFTConfig.model.f
sed -i 's/\.\///' ${CHIPYARD_ROOT}/sims/verilator/generated-src/chipyard.harness.TestHarness.DualRocketFFTConfig/chipyard.harness.TestHarness.DualRocketFFTConfig.bb.f
sort -u ${CHIPYARD_ROOT}/sims/verilator/generated-src/chipyard.harness.TestHarness.DualRocketFFTConfig/chipyard.harness.TestHarness.DualRocketFFTConfig.top.f ${CHIPYARD_ROOT}/sims/verilator/generated-src/chipyard.harness.TestHarness.DualRocketFFTConfig/chipyard.harness.TestHarness.DualRocketFFTConfig.model.f ${CHIPYARD_ROOT}/sims/verilator/generated-src/chipyard.harness.TestHarness.DualRocketFFTConfig/chipyard.harness.TestHarness.DualRocketFFTConfig.bb.f > ${CHIPYARD_ROOT}/sims/verilator/generated-src/chipyard.harness.TestHarness.DualRocketFFTConfig/chipyard.harness.TestHarness.DualRocketFFTConfig.all.f
cp -f ${CHIPYARD_ROOT}/generators/rocket-chip/src/main/resources/vsrc/TestDriver.v ${CHIPYARD_ROOT}/sims/verilator/generated-src/chipyard.harness.TestHarness.DualRocketFFTConfig/gen-collateral
${CHIPYARD_ROOT}/scripts/split-mems-conf.py \
	--in-smems-conf ${CHIPYARD_ROOT}/sims/verilator/generated-src/chipyard.harness.TestHarness.DualRocketFFTConfig/chipyard.harness.TestHarness.DualRocketFFTConfig.mems.conf \
	--in-model-hrchy-json ${CHIPYARD_ROOT}/sims/verilator/generated-src/chipyard.harness.TestHarness.DualRocketFFTConfig/model_module_hierarchy.uniquified.json \
	--dut-module-name ChipTop \
	--model-module-name TestHarness \
	--out-dut-smems-conf ${CHIPYARD_ROOT}/sims/verilator/generated-src/chipyard.harness.TestHarness.DualRocketFFTConfig/chipyard.harness.TestHarness.DualRocketFFTConfig.top.mems.conf \
	--out-model-smems-conf ${CHIPYARD_ROOT}/sims/verilator/generated-src/chipyard.harness.TestHarness.DualRocketFFTConfig/chipyard.harness.TestHarness.DualRocketFFTConfig.model.mems.conf
echo "${CHIPYARD_ROOT}/sims/verilator/generated-src/chipyard.harness.TestHarness.DualRocketFFTConfig/gen-collateral/TestDriver.v" >> ${CHIPYARD_ROOT}/sims/verilator/generated-src/chipyard.harness.TestHarness.DualRocketFFTConfig/sim_files.f;
[ -f ${CHIPYARD_ROOT}/sims/verilator/generated-src/chipyard.harness.TestHarness.DualRocketFFTConfig/gen-collateral/custom.mems.conf ] && cat ${CHIPYARD_ROOT}/sims/verilator/generated-src/chipyard.harness.TestHarness.DualRocketFFTConfig/gen-collateral/custom.mems.conf >> ${CHIPYARD_ROOT}/sims/verilator/generated-src/chipyard.harness.TestHarness.DualRocketFFTConfig/chipyard.harness.TestHarness.DualRocketFFTConfig.top.mems.conf
make: [${CHIPYARD_ROOT}/common.mk:288: ${CHIPYARD_ROOT}/sims/verilator/generated-src/chipyard.harness.TestHarness.DualRocketFFTConfig/chipyard.harness.TestHarness.DualRocketFFTConfig.top.mems.conf] Error 1 (ignored)
cd ${CHIPYARD_ROOT} && java -cp ${CHIPYARD_ROOT}/.classpath_cache/tapeout.jar tapeout.macros.MacroCompiler -n ${CHIPYARD_ROOT}/sims/verilator/generated-src/chipyard.harness.TestHarness.DualRocketFFTConfig/chipyard.harness.TestHarness.DualRocketFFTConfig.top.mems.conf -v ${CHIPYARD_ROOT}/sims/verilator/generated-src/chipyard.harness.TestHarness.DualRocketFFTConfig/gen-collateral/chipyard.harness.TestHarness.DualRocketFFTConfig.top.mems.v -f ${CHIPYARD_ROOT}/sims/verilator/generated-src/chipyard.harness.TestHarness.DualRocketFFTConfig/chipyard.harness.TestHarness.DualRocketFFTConfig.top.mems.fir --mode synflops
cd ${CHIPYARD_ROOT} && java -cp ${CHIPYARD_ROOT}/.classpath_cache/tapeout.jar tapeout.macros.MacroCompiler  -n ${CHIPYARD_ROOT}/sims/verilator/generated-src/chipyard.harness.TestHarness.DualRocketFFTConfig/chipyard.harness.TestHarness.DualRocketFFTConfig.model.mems.conf -v ${CHIPYARD_ROOT}/sims/verilator/generated-src/chipyard.harness.TestHarness.DualRocketFFTConfig/gen-collateral/chipyard.harness.TestHarness.DualRocketFFTConfig.model.mems.v -f ${CHIPYARD_ROOT}/sims/verilator/generated-src/chipyard.harness.TestHarness.DualRocketFFTConfig/chipyard.harness.TestHarness.DualRocketFFTConfig.model.mems.fir --mode synflops
Picked up JAVA_TOOL_OPTIONS: -Xmx8G -Xss8M -Djava.io.tmpdir=${CHIPYARD_ROOT}/.java_tmp
Picked up JAVA_TOOL_OPTIONS: -Xmx8G -Xss8M -Djava.io.tmpdir=${CHIPYARD_ROOT}/.java_tmp
WARNING: Empty *.mems.conf file. No memories generated.
touch ${CHIPYARD_ROOT}/sims/verilator/generated-src/chipyard.harness.TestHarness.DualRocketFFTConfig/gen-collateral/chipyard.harness.TestHarness.DualRocketFFTConfig.model.mems.v ${CHIPYARD_ROOT}/sims/verilator/generated-src/chipyard.harness.TestHarness.DualRocketFFTConfig/chipyard.harness.TestHarness.DualRocketFFTConfig.model.mems.fir
touch ${CHIPYARD_ROOT}/sims/verilator/generated-src/chipyard.harness.TestHarness.DualRocketFFTConfig/gen-collateral/chipyard.harness.TestHarness.DualRocketFFTConfig.top.mems.v ${CHIPYARD_ROOT}/sims/verilator/generated-src/chipyard.harness.TestHarness.DualRocketFFTConfig/chipyard.harness.TestHarness.DualRocketFFTConfig.top.mems.fir
rm -f ${CHIPYARD_ROOT}/sims/verilator/generated-src/chipyard.harness.TestHarness.DualRocketFFTConfig/sim_files.common.f
sort -u ${CHIPYARD_ROOT}/sims/verilator/generated-src/chipyard.harness.TestHarness.DualRocketFFTConfig/sim_files.f ${CHIPYARD_ROOT}/sims/verilator/generated-src/chipyard.harness.TestHarness.DualRocketFFTConfig/chipyard.harness.TestHarness.DualRocketFFTConfig.all.f | grep -v '.*\.\(svh\|h\|conf\)$' >> ${CHIPYARD_ROOT}/sims/verilator/generated-src/chipyard.harness.TestHarness.DualRocketFFTConfig/sim_files.common.f
echo "${CHIPYARD_ROOT}/sims/verilator/generated-src/chipyard.harness.TestHarness.DualRocketFFTConfig/gen-collateral/chipyard.harness.TestHarness.DualRocketFFTConfig.top.mems.v" >> ${CHIPYARD_ROOT}/sims/verilator/generated-src/chipyard.harness.TestHarness.DualRocketFFTConfig/sim_files.common.f
echo "${CHIPYARD_ROOT}/sims/verilator/generated-src/chipyard.harness.TestHarness.DualRocketFFTConfig/gen-collateral/chipyard.harness.TestHarness.DualRocketFFTConfig.model.mems.v" >> ${CHIPYARD_ROOT}/sims/verilator/generated-src/chipyard.harness.TestHarness.DualRocketFFTConfig/sim_files.common.f
make: Leaving directory '${CHIPYARD_ROOT}/sims/verilator'
